選手名,年齢,年度
宜保　翔,24,2023
河内　康介,19,2023
小野　泰己,30,2023
前　佑囲斗,23,2023
香月　一也,28,2023
小林　誠司,35,2023
亀田　啓太,25,2023
松井　颯,24,2023
戸郷　翔征,24,2023
園田　純規,19,2023
山﨑　伊織,26,2023
木下　幹也,22,2023
西舘　勇陽,22,2023
千葉　隆広,19,2023
大勢,25,2023
鈴木　圭晋,18,2023
堀江　正太郎,18,2023
キャベッジ,27,2023
ティマ,20,2023
萩尾　匡也,23,2023
三浦　克也,23,2023
近藤　大亮,33,2023
吹田　志道,17,2023
グリフィン,29,2023
西川　歩,18,2023
富田　龍,25,2023
高橋　礼,29,2023
岸田　行倫,28,2023
北村　流音,19,2023
吉村　優聖歩,19,2023
今村　信貴,30,2023
竹下　徠空,18,2023
岡本　和真,28,2023
坂本　達也,22,2023
大城　卓三,31,2023
石塚　裕惺,18,2023
田村　朋輝,20,2023
重信　慎之介,31,2023
ヘルナンデス,30,2023
中川　皓太,30,2023
黄　錦豪,18,2023
中山　礼都,22,2023
フルプ,25,2023
岡田　悠希,24,2023
郡　拓也,26,2023
馬場　皐輔,29,2023
泉口　友汰,25,2023
ルシアーノ,24,2023
森本　哲星,20,2023
ケラー,31,2023
平山　功太,20,2023
浦田　俊輔,22,2023
赤星　優志,25,2023
乙坂　智,30,2023
直江　大輔,24,2023
高梨　雄平,32,2023
リチャード,25,2023
浅野　翔吾,20,2023
舟越　秀虎,23,2023
オコエ　瑠偉,27,2023
バルドナード,31,2023
フェリス,22,2023
田中　千晴,24,2023
森田　駿哉,27,2023
鴨打　瑛二,20,2023
又木　鉄平,25,2023
田中　瑛斗,25,2023
大城　元,20,2023
佐々木　俊輔,25,2023
石田　隼都,21,2023
笹原　操希,20,2023
菊地　大稀,25,2023
代木　大和,21,2023
山瀬　慎之助,23,2023
平内　龍太,26,2023
石川　達也,26,2023
山田　龍聖,24,2023
花田　侑樹,21,2023
泉　圭輔,27,2023
横川　凱,24,2023
増田　陸,24,2023
荒巻　悠,21,2023
若林　楽人,26,2023
船迫　大雅,28,2023
宮原　駿介,22,2023
京本　眞,20,2023
鈴木　大和,25,2023
井上　温大,23,2023
三塚　琉生,20,2023
戸田　懐生,24,2023
喜多　隆介,26,2023
マルティネス,28,2023
堀田　賢慎,23,2023
石田　充冴,18,2023
デール,24,2023
遠藤　成,23,2023
村西　良太,27,2023
杉本　裕太郎,33,2023
権田　琉成,24,2023
髙島　泰都,24,2023
才木　海翔,24,2023
川瀬　堅斗,22,2023
佐藤　一磨,23,2023
入山　海斗,24,2023
中川　圭太,28,2023
博志,27,2023
福田　周平,32,2023
大里　昂生,25,2023
堀　柊那,19,2023
茶野　篤政,25,2023
本田　圭佑,31,2023
ペルドモ,31,2023
井口　和朋,30,2023
山田　修義,33,2023
小木田　敦也,26,2023
乾　健斗,18,2023
田島　光祐,24,2023
寺本　聖一,21,2023
ディアス,24,2023
上原　堆我,17,2023
横山　楓,26,2023
清水　武蔵,21,2023
今坂　幸暉,18,2023
山中　稜真,23,2023
片山　楽生,22,2023
東松　快征,19,2023
山口　廉王,18,2023
本田　仁海,25,2023
河野　聡太,24,2023
東山　玲士,24,2023
頓宮　裕真,28,2023
芦田　丈飛,24,2023
宮國　凌空,19,2023
大江　海透,24,2023
マチャド,31,2023
佐野　皓大,28,2023
寿賀　弘都,19,2023
岩嵜　翔,35,2023
池田　陵真,21,2023
来田　涼斗,22,2023
石川　亮,29,2023
オリバレス,28,2023
古田島　成龍,25,2023
横山　聖哉,19,2023
村上　喬一朗,23,2023
杉澤　龍,24,2023
福永　奨,25,2023
太田　椋,23,2023
廣岡　大志,27,2023
田嶋　大樹,28,2023
富山　凌雅,27,2023
元　謙太,22,2023
齋藤　響介,20,2023
内藤　鵬,20,2023
紅林　弘太郎,22,2023
吉田　輝星,23,2023
九里　亜蓮,33,2023
山﨑　颯一郎,26,2023
阿部　翔太,32,2023
山岡　泰輔,29,2023
宮城　大弥,23,2023
陳　睦衡,18,2023
曽谷　龍平,23,2023
平野　佳寿,40,2023
椋木　蓮,24,2023
宇田川　優希,26,2023
寺西　成騎,22,2023
東　晃平,24,2023
山下　舜平大,22,2023
大城　滉二,31,2023
野口　智哉,25,2023
麦谷　祐介,22,2023
西川　龍馬,29,2023
宗　佑磨,28,2023
西野　真弘,34,2023
森　友哉,29,2023
若月　健矢,29,2023
エスピノーザ,26,2023
渡部　遼人,25,2023
北浦　竜次,24,2023
安西　叶翔,20,2023
マイカ与那嶺,24,2023
山本　晃大,25,2023
山口　アタル,25,2023
中山　晶量,25,2023
藤田　大清,20,2023
澁谷　純希,18,2023
川勝　空人,17,2023
清宮　虎多朗,24,2023
松本　遼大,22,2023
加藤　大和,18,2023
平田　大樹,19,2023
濵田　泰希,18,2023
レイエス,29,2023
梅林　優貴,26,2023
宮内　春輝,28,2023
孫　易磊,19,2023
柳川　大晟,21,2023
福島　蓮,21,2023
松岡　洸希,24,2023
星野　ひので,19,2023
山本　拓実,24,2023
万波　中正,24,2023
明瀬　諒介,19,2023
田宮　裕涼,24,2023
山城　航太郎,22,2023
清水　大暉,18,2023
今川　優馬,27,2023
吉田　賢吾,23,2023
根本　悠楓,21,2023
奈良間　大己,24,2023
細川　凌平,22,2023
松浦　慶斗,21,2023
山縣　秀,22,2023
水谷　瞬,23,2023
池田　隆英,30,2023
石川　直也,28,2023
五十幡　亮汰,26,2023
若林　晃弘,31,2023
齋藤　友貴哉,29,2023
畔柳　亨丞,21,2023
バーヘイゲン,34,2023
阪口　樂,21,2023
水野　達稀,24,2023
ザバラ,27,2023
福谷　浩司,33,2023
福田　俊,27,2023
有薗　直輝,21,2023
石井　一成,30,2023
古林　睿煬,24,2023
宮崎　一樹,23,2023
浅利　太門,22,2023
堀　瑞輝,26,2023
進藤　勇也,22,2023
藤田　琉生,18,2023
柴田　獅子,18,2023
郡司　裕也,26,2023
細野　晴希,22,2023
河野　竜生,26,2023
古川　裕大,26,2023
田中　正義,30,2023
宮西　尚生,39,2023
金村　尚真,24,2023
伏見　寅威,34,2023
杉浦　稔大,32,2023
清宮　幸太郎,25,2023
上原　健太,30,2023
玉井　大翔,32,2023
山﨑　福也,32,2023
伊藤　大海,27,2023
達　孝太,20,2023
北山　亘基,25,2023
加藤　貴之,32,2023
生田目　翼,29,2023
矢澤　宏太,24,2023
清水　優心,28,2023
中島　卓也,33,2023
淺間　大基,28,2023
松本　剛,31,2023
野村　佑希,24,2023
上川畑　大悟,27,2023
パラシオス,20,2023
マーティン,24,2023
富山　紘之進,19,2023
藤田　和樹,19,2023
髙野　光海,20,2023
松石　信八,18,2023
武内　涼太,19,2023
長島　幸佑,22,2023
茨木　佑太,18,2023
谷村　剛,18,2023
勝又　琉偉,20,2023
永島田　輝斗,20,2023
中村　亮太,26,2023
秋山　正雲,21,2023
森　遼大朗,25,2023
本前　郁也,27,2023
田中　楓基,21,2023
ソト,35,2023
ゲレーロ,33,2023
国吉　佑樹,33,2023
吉川　悠斗,19,2023
アセベド,22,2023
金田　優太,19,2023
茶谷　健太,26,2023
澤田　圭佑,30,2023
寺地　隆成,19,2023
廣池　康志郎,22,2023
和田　康士朗,25,2023
坂井　遼,18,2023
山本　大斗,22,2023
横山　陸人,23,2023
早坂　響,19,2023
河村　説人,27,2023
小川　龍成,26,2023
中森　俊介,22,2023
柿沼　友哉,31,2023
ボス,32,2023
木村　優人,19,2023
益田　直也,35,2023
山口　航輝,24,2023
松尾　汐恩,20,2023
度会　隆輝,22,2023
オースティン,33,2023
牧　秀悟,26,2023
桑原　将志,31,2023
林　琢真,24,2023
入江　大生,26,2023
坂本　裕哉,27,2023
山﨑　康晃,32,2023
小園　健太,21,2023
三嶋　一輝,34,2023
大貫　晋一,30,2023
徳山　壮磨,25,2023
石田　健大,31,2023
伊勢　大夢,26,2023
竹田　祐,25,2023
東　克樹,28,2023
戸柱　恭孝,34,2023
京田　陽太,30,2023
神里　和毅,30,2023
佐野　恵太,29,2023
森　敬斗,22,2023
若松　尚輝,24,2023
森　唯斗,32,2023
加藤　響,22,2023
森下　瑠大,20,2023
橋本　達弥,24,2023
松本　凌人,22,2023
武田　陸玖,19,2023
益子　京右,23,2023
柴田　竜拓,30,2023
篠木　健太郎,22,2023
伊藤　光,35,2023
勝又　温史,24,2023
藤浪　晋太郎,30,2023
三森　大貴,25,2023
筒香　嘉智,33,2023
吉野　光樹,26,2023
東妻　純平,23,2023
田内　真翔,17,2023
井上　絢登,24,2023
石田　裕太郎,22,2023
颯,26,2023
浜地　真澄,26,2023
宮﨑　敏郎,35,2023
山本　祐大,26,2023
京山　将弥,26,2023
坂口　翔颯,22,2023
森原　康平,32,2023
石上　泰輝,23,2023
深沢　鳳介,21,2023
ジャクソン,28,2023
佐々木　千隼,30,2023
松本　隆之介,22,2023
バウアー,33,2023
九鬼　隆平,26,2023
堀岡　隼人,26,2023
庄司　陽斗,23,2023
ケイ,29,2023
岩田　将貴,26,2023
ビシエド,35,2023
宮城　滝太,24,2023
中川　虎大,25,2023
関根　大気,29,2023
ウィック,32,2023
蝦名　達夫,27,2023
知野　直人,25,2023
平良　拳太郎,29,2023
梶原　昂希,25,2023
笠谷　俊介,27,2023
高見澤　郁魅,18,2023
小針　大輝,18,2023
粟飯原　龍之介,20,2023
近藤　大雅,19,2023
西巻　賢二,25,2023
上甲　凌大,23,2023
小笠原　蒼,19,2023
吉岡　暖,18,2023
今野　瑠斗,20,2023
金渕　光希,18,2023
清水　麻成,19,2023
草野　陽斗,20,2023
蓮,20,2023
フォード,32,2023
マルセリーノ,22,2023
愛斗,27,2023
立松　由宇,25,2023
中村　稔弥,28,2023
鈴木　昭汰,26,2023
岩下　大輝,28,2023
植田　将太,26,2023
宮崎　竜成,23,2023
石垣　雅海,26,2023
サモンズ,29,2023
一條　力真,21,2023
西村　天裕,31,2023
大下　誠一郎,27,2023
髙部　瑛斗,26,2023
小野　郁,28,2023
坂本　光士郎,30,2023
田中　晴也,20,2023
高野　脩汰,26,2023
八木　彬,27,2023
佐藤　都志也,26,2023
大谷　輝龍,24,2023
廣畑　敦也,26,2023
西野　勇士,33,2023
菊地　吏玖,24,2023
田村　龍弘,30,2023
岡　大海,33,2023
東妻　勇輔,28,2023
石川　慎吾,31,2023
ポランコ,33,2023
石川　柊太,32,2023
唐川　侑己,35,2023
二木　康太,29,2023
種市　篤暉,26,2023
美馬　学,38,2023
小島　和哉,28,2023
石川　歩,36,2023
澤村　拓一,36,2023
上田　希由翔,23,2023
中村　奨吾,32,2023
藤岡　裕大,31,2023
西川　史礁,21,2023
安田　尚憲,25,2023
友杉　篤輝,24,2023
角中　勝也,37,2023
松川　虎生,21,2023
藤原　恭大,24,2023
池田　来翔,24,2023
荻野　貴司,39,2023
蕭　齊,18,2023
江川　侑斗,23,2023
岸本　佑也,17,2023
永田　颯太郎,24,2023
古賀　康誠,20,2023
ヤフーレ,26,2023
辰見　鴻之介,24,2023
前田　銀治,21,2023
吉野　創士,21,2023
陽　柏翔,19,2023
小森　航大郎,21,2023
宮森　智志,26,2023
柴田　大地,27,2023
石原　彪,25,2023
内　星龍,22,2023
青野　拓海,19,2023
大内　誠弥,18,2023
今野　龍太,29,2023
堀内　謙伍,27,2023
林　優樹,23,2023
入江　大樹,22,2023
西口　直人,28,2023
松田　啄磨,22,2023
ワォーターズ　璃海ジュミル,19,2023
泰　勝利,21,2023
辛島　航,34,2023
瀧中　瞭太,29,2023
鈴木　翔天,28,2023
安田　悠馬,24,2023
日當　直喜,19,2023
坂井　陽翔,19,2023
津留﨑　大成,27,2023
小郷　裕哉,28,2023
武藤　敦貴,23,2023
西垣　雅矢,25,2023
渡邊　佳明,27,2023
藤井　聖,28,2023
藤平　尚真,26,2023
松井　友飛,25,2023
田中　貴也,32,2023
宋　家豪,32,2023
山田　遥楓,28,2023
加治屋　蓮,33,2023
江原　雅裕,24,2023
伊藤　裕季也,28,2023
弓削　隼人,30,2023
吉納　翼,22,2023
島内　宏明,34,2023
山﨑　剛,28,2023
中島　大輔,23,2023
渡辺　翔太,24,2023
平良　竜哉,26,2023
德山　一翔,22,2023
酒居　知史,31,2023
岡島　豪郎,35,2023
中込　陽翔,22,2023
田中　和基,30,2023
黒川　史陽,23,2023
フランコ,32,2023
水上　桂,23,2023
小孫　竜二,27,2023
早川　隆久,26,2023
ターリー,35,2023
荘司　康誠,24,2023
古謝　樹,23,2023
王　彦程,23,2023
ハワード,28,2023
則本　昂大,33,2023
ゴンザレス,26,2023
岸　孝之,39,2023
ボイト,33,2023
辰己　涼介,27,2023
鈴木　大地,35,2023
村林　一輝,27,2023
阿部　寿樹,34,2023
浅村　栄斗,34,2023
太田　光,28,2023
宗山　塁,21,2023
小深田　大翔,29,2023
サルディ,19,2023
アルモンテ,16,2023
オスーナ,17,2023
盛島　稜大,20,2023
西尾　歩真,24,2023
飛田　悠成,19,2023
佐藤　航太,20,2023
川原田　純平,22,2023
重松　凱人,24,2023
水口　創太,25,2023
佐々木　明都,19,2023
岡植　純平,20,2023
内野　海斗,20,2023
長水　啓眞,19,2023
山下　恭吾,20,2023
赤羽　蓮,20,2023
田上　奏大,22,2023
ロドリゲス,23,2023
風間　球打,21,2023
生海,24,2023
張　峻ウェイ,19,2023
塩士　暖,18,2023
加藤　晴空,21,2023
ゲラ,29,2023
木浪　聖也,30,2023
熊谷　太雅,18,2023
山崎　琢磨,21,2023
木下　勇人,18,2023
藤田　淳平,24,2023
ハモンド,20,2023
シモン,20,2023
漁府　輝羽,22,2023
藤原　大翔,18,2023
澤柳　亮太郎,24,2023
岡田　皓一朗,22,2023
井﨑　燦志郎,20,2023
相原　雄太,22,2023
津嘉山　憲志郎,18,2023
アルメンタ,20,2023
大城　真乃,22,2023
星野　恒太朗,23,2023
渡邉　諒,29,2023
工藤　泰成,23,2023
デュプランティエ,30,2023
下村　海翔,22,2023
伊原　陵人,24,2023
西　勇輝,34,2023
西　純矢,23,2023
岩貞　祐太,33,2023
岩崎　優,33,2023
坂本　誠志郎,31,2023
佐藤　輝明,25,2023
近本　光司,30,2023
熊谷　敬宥,29,2023
大山　悠輔,29,2023
梅野　隆太郎,33,2023
森下　翔太,24,2023
村上　頌樹,26,2023
井坪　陽生,19,2023
榮枝　裕貴,26,2023
小幡　竜平,24,2023
及川　雅貴,23,2023
畠　世周,30,2023
才木　浩人,26,2023
漆原　大晟,28,2023
糸原　健斗,32,2023
井上　広大,23,2023
早川　太貴,24,2023
門別　啓人,20,2023
髙橋　遥人,29,2023
今朝丸　裕喜,18,2023
伊藤　将司,28,2023
椎葉　剛,22,2023
長坂　拳弥,30,2023
百﨑　蒼生,19,2023
楠本　泰史,29,2023
木下　里都,23,2023
島田　海吏,28,2023
山田　脩也,19,2023
中野　拓夢,28,2023
富田　蓮,23,2023
大竹　耕太郎,29,2023
茨木　秀俊,20,2023
桐敷　拓馬,25,2023
島本　浩也,31,2023
佐野　大陽,22,2023
戸井　零士,19,2023
町田　隼乙,21,2023
ネルソン,28,2023
原口　文仁,32,2023
川原　陸,23,2023
ドリス,36,2023
ハートウィグ,26,2023
石井　大智,27,2023
中川　勇斗,20,2023
髙寺　望夢,22,2023
津田　淳哉,23,2023
湯浅　京己,25,2023
岡留　英貴,25,2023
石黒　佑弥,23,2023
植田　海,28,2023
豊田　寛,27,2023
小野寺　暖,26,2023
藤田　健斗,23,2023
前川　右京,21,2023
コンスエグラ,24,2023
アルナエス,22,2023
ベタンセス,25,2023
川﨑　俊哲,23,2023
嶋村　麟士朗,21,2023
福島　圭音,23,2023
伊藤　稜,25,2023
松原　快,25,2023
小川　一平,27,2023
鈴木　勇斗,24,2023
森木　大智,21,2023
ビーズリー,29,2023
佐藤　蓮,26,2023
野口　恭佑,24,2023
中澤　恒貴,19,2023
勝連　大稀,23,2023
佐倉　侠史朗,19,2023
河野　伸一朗,18,2023
広瀬　結煌,17,2023
大友　宗,25,2023
桑原　秀侍,22,2023
大泉　周也,25,2023
藤野　恵音,21,2023
ザイレン,18,2023
野村　勇,27,2023
川口　冬弥,25,2023
宮﨑　颯,24,2023
山本　恵大,25,2023
岩崎　峻典,21,2023
木村　光,24,2023
石見　颯真,18,2023
松本　裕樹,28,2023
藤田　悠太郎,19,2023
上茶谷　大河,28,2023
海野　隆司,27,2023
川村　友斗,25,2023
大野　稼頭央,20,2023
長谷川　威展,25,2023
木村　大成,21,2023
緒方　理貢,26,2023
田浦　文丸,25,2023
石塚　綜一郎,23,2023
オスナ,29,2023
大山　凌,22,2023
秋広　優人,22,2023
前田　純,24,2023
板東　湧梧,28,2023
松本　晴,23,2023
藤井　皓哉,28,2023
大関　友久,26,2023
宇野　真仁朗,18,2023
谷川原　健太,27,2023
笹川　吉康,22,2023
井上　朋也,21,2023
伊藤　優輔,27,2023
前田　悠伍,19,2023
杉山　一樹,26,2023
尾形　崇斗,25,2023
イヒネ　イツア,20,2023
モイネロ,28,2023
村田　賢一,23,2023
廣瀨　隆太,23,2023
柳町　達,27,2023
正木　智也,25,2023
佐藤　直樹,26,2023
大江　竜聖,25,2023
安德　駿,22,2023
岩井　俊介,23,2023
大津　亮介,25,2023
庄子　雄大,22,2023
栗原　陵矢,28,2023
周東　佑京,28,2023
牧原　巧汰,22,2023
村上　泰斗,17,2023
武田　翔太,31,2023
有原　航平,32,2023
東浜　巨,34,2023
又吉　克樹,34,2023
濵口　遥大,29,2023
嶺井　博希,33,2023
津森　宥紀,26,2023
上沢　直之,30,2023
柳田　悠岐,36,2023
牧原　大成,32,2023
中村　晃,35,2023
今宮　健太,33,2023
山川　穂高,33,2023
ダウンズ,26,2023
近藤　健介,31,2023
スチュワート・ジュニア,25,2023
渡邉　陸,24,2023
川瀬　晃,27,2023
オケム,18,2023
福尾　遥真,18,2023
澤田　遥斗,18,2023
川野　涼太,23,2023
佐藤　爽,21,2023
ラマル,18,2023
木瀬　翔太,19,2023
金子　功児,21,2023
川下　将勲,19,2023
森脇　亮介,32,2023
谷口　朝陽,20,2023
シンクレア,23,2023
ガルシア,24,2023
冨士　大和,18,2023
是澤　涼輔,24,2023
三浦　大輝,24,2023
井上　広輝,23,2023
野村　和輝,21,2023
宮澤　太成,25,2023
ロペス,25,2023
上間　永遠,23,2023
野田　海人,19,2023
大曲　錬,26,2023
村田　怜音,23,2023
浜屋　将太,25,2023
奥村　光一,24,2023
モンテル,24,2023
菅井　信也,21,2023
豆田　泰志,21,2023
水上　由伸,26,2023
岸　潤一郎,27,2023
野村　大樹,24,2023
渡部　健人,25,2023
古市　尊,22,2023
龍山　暖,18,2023
長谷川　信哉,22,2023
滝澤　夏央,21,2023
平良　海馬,25,2023
中村　剛也,41,2023
古賀　輝希,24,2023
中村　祐太,29,2023
黒田　将矢,20,2023
Ｅ．ラミレス,30,2023
仲三河　優太,22,2023
黒木　優太,30,2023
牧野　翔矢,23,2023
篠原　響,18,2023
西川　愛也,25,2023
髙松　渡,25,2023
佐々木　健,28,2023
今井　達也,26,2023
杉山　遙希,19,2023
狩生　聖真,17,2023
ウィンゲンター,30,2023
林　冠臣,21,2023
羽田　慎之介,20,2023
ボー・タカハシ,27,2023
成田　晴風,18,2023
セデーニョ,26,2023
平沢　大河,26,2023
佐藤　太陽,22,2023
柘植　世那,27,2023
山田　陽翔,20,2023
大瀬良　大地,33,2023
森浦　大輔,26,2023
大道　温貴,25,2023
佐々木　泰,21,2023
秋山　翔吾,36,2023
堂林　翔太,33,2023
小園　海斗,24,2023
矢野　雅哉,25,2023
田中　広輔,35,2023
羽月　隆太郎,24,2023
上本　崇司,34,2023
菊池　涼介,34,2023
石原　貴規,26,2023
坂倉　将吾,26,2023
滝田　一希,22,2023
ケムナ　誠,29,2023
佐藤　柳之介,22,2023
會澤　翼,36,2023
益田　武尚,26,2023
黒原　拓未,24,2023
髙　太一,23,2023
中﨑　翔太,32,2023
栗林　良吏,28,2023
床田　寛樹,29,2023
森下　暢仁,27,2023
常廣　羽也斗,23,2023
森　翔平,26,2023
渡邉　悠斗,22,2023
アドゥワ　誠,26,2023
斉藤　優汰,20,2023
河野　佳,23,2023
松本　竜也,25,2023
林　晃汰,24,2023
島内　颯太郎,28,2023
ドミンゲス,28,2023
鈴木　健矢,26,2023
磯村　嘉孝,32,2023
長谷部　銀次,26,2023
宇草　孔基,27,2023
野間　峻祥,31,2023
塹江　敦哉,27,2023
赤塚　健利,23,2023
高橋　昂也,26,2023
遠藤　淳志,25,2023
玉村　昇悟,23,2023
髙木　翔斗,21,2023
内田　湘大,20,2023
清水　叶人,20,2023
ファビアン,26,2023
田村　俊介,21,2023
大盛　穂,28,2023
仲田　侑仁,19,2023
持丸　泰輝,23,2023
久保　修,24,2023
松山　竜平,39,2023
韮澤　雄也,23,2023
岡本　駿,22,2023
末包　昇大,28,2023
中村　健人,27,2023
竹下　海斗,18,2023
小船　翼,18,2023
安竹　俊喜,23,2023
名原　典彦,24,2023
杉田　健,23,2023
二俣　翔一,22,2023
辻　大雅,20,2023
中村　貴浩,24,2023
中村　奨成,25,2023
モンテロ,26,2023
佐藤　啓介,23,2023
前川　誠太,21,2023
日髙　暖己,20,2023
山足　達也,31,2023
ハーン,30,2023
菊地　ハルン,17,2023
ロベルト,24,2023
ラミレス,22,2023
小林　樹斗,21,2023
杉原　望来,19,2023
松原　聖弥,29,2023
甲斐野　央,28,2023
古川　雄大,20,2023
山村　崇嘉,22,2023
平沼　翔太,27,2023
元山　飛優,25,2023
青山　美夏人,24,2023
炭谷　銀仁朗,37,2023
ネビン,27,2023
平井　克典,32,2023
糸川　亮太,26,2023
古賀　悠斗,25,2023
武内　夏暉,23,2023
田村　伊知郎,30,2023
佐藤　隼輔,24,2023
松本　航,27,2023
隅田　知一郎,25,2023
與座　海人,29,2023
髙橋　光成,27,2023
渡邉　勇太朗,24,2023
上田　大河,23,2023
デービス,31,2023
蛭間　拓哉,24,2023
渡部　聖弥,22,2023
源田　壮亮,31,2023
外崎　修汰,31,2023
齋藤　大翔,17,2023
栗山　巧,41,2023
児玉　亮涼,26,2023
仲田　慶介,25,2023
青柳　晃洋,30,2023
橋本　星哉,24,2023
中川　拓真,22,2023
沼田　翔平,24,2023
下川　隼佑,24,2023
丸山　翔大,26,2023
伊藤　琉偉,22,2023
阪口　皓亮,25,2023
鈴木　叶,18,2023
岩田　幸宏,27,2023
増田　珠,25,2023
竹山　日向,21,2023
宮川　哲,29,2023
武岡　龍世,23,2023
バウマン,29,2023
矢野　泰二郎,22,2023
坂本　拓己,20,2023
村上　宗隆,24,2023
田中　陽翔,18,2023
長谷川　宙輝,26,2023
原　樹理,31,2023
濱田　太貴,24,2023
北村　恵吾,23,2023
山下　輝,25,2023
金久保　優斗,25,2023
高橋　奎二,27,2023
太田　賢吾,27,2023
小澤　怜史,26,2023
大西　広樹,27,2023
山本　大貴,29,2023
澤井　廉,24,2023
矢崎　拓也,29,2023
高梨　裕稔,33,2023
ランバート,27,2023
北村　拓己,29,2023
山野辺　翔,30,2023
西村　瑠伊斗,20,2023
石原　勇輝,23,2023
田口　麗斗,29,2023
内山　壮真,22,2023
松本　直樹,31,2023
モイセエフ　ニキータ,17,2023
荘司　宏太,24,2023
小川　泰弘,34,2023
松本　健吾,25,2023
中村　悠平,34,2023
髙野　颯太,19,2023
山野　太一,25,2023
根岸　辰昇,24,2023
サンタナ,32,2023
星　知弥,30,2023
澤野　聖悠,22,2023
松本　龍之介,19,2023
吉村　貢司郎,26,2023
木澤　尚文,26,2023
佐藤　琢磨,24,2023
石川　雅規,44,2023
鈴木　康平,30,2023
奥川　恭伸,23,2023
清水　昇,28,2023
翔聖,18,2023
西濱　勇星,22,2023
中村　優斗,21,2023
西舘　昂汰,23,2023
廣澤　優,23,2023
石山　泰稚,36,2023
アビラ,27,2023
宮本　丈,29,2023
塩見　泰隆,31,2023
茂木　栄五郎,30,2023
長岡　秀樹,23,2023
川端　慎吾,37,2023
丸山　和郁,25,2023
西川　遥輝,32,2023
古賀　優大,26,2023
山田　哲人,32,2023
並木　秀尊,25,2023
赤羽　由紘,24,2023
モニエル,23,2023
川上　理偉,23,2023
菊田　翔友,21,2023
日渡　騰輝,20,2023
森山　暁生,19,2023
野中　天翔,19,2023
福元　悠真,24,2023
石川　翔,24,2023
星野　真生,20,2023
井上　剣也,17,2023
中村　奈一輝,18,2023
加藤　竜馬,25,2023
樋口　正修,26,2023
ウォルターズ,27,2023
マラー,27,2023
メヒア,27,2023
松山　晋也,24,2023
近藤　廉,26,2023
三浦　瑞樹,25,2023
鵜飼　航丞,25,2023
佐藤　龍世,27,2023
有馬　惠叶,18,2023
板山　祐太郎,30,2023
高橋　幸佑,17,2023
山本　泰寛,31,2023
齋藤　綱記,27,2023
石橋　康太,23,2023
山浅　龍之介,20,2023
田中　幹也,23,2023
岡林　勇希,22,2023
辻本　倫太郎,23,2023
尾田　剛樹,24,2023
細川　成也,26,2023
藤嶋　健人,26,2023
駿太,31,2023
マルテ,29,2023
上林　誠知,29,2023
清水　達也,25,2023
加藤　匠馬,32,2023
土生　翔太,23,2023
吉田　聖弥,22,2023
梅野　雄吾,25,2023
土田　龍空,21,2023
川越　誠司,31,2023
味谷　大誠,21,2023
ブライト　健太,25,2023
勝野　昌慶,27,2023
宇佐見　真吾,31,2023
大野　雄大,36,2023
金丸　夢斗,21,2023
涌井　秀章,38,2023
髙橋　宏斗,22,2023
梅津　晃大,28,2023
柳　裕也,30,2023
草加　勝,23,2023
橋本　侑樹,26,2023
岡田　俊哉,32,2023
石伊　雄太,24,2023
大島　洋平,39,2023
福永　裕基,28,2023
中田　翔,35,2023
村松　開人,23,2023
カリステ,32,2023
高橋　周平,30,2023
松葉　貴大,34,2023
濱　将乃介,24,2023
福田　幸之介,19,2023
木下　拓哉,32,2023
福　敬登,32,2023
祖父江　大輔,37,2023
伊藤　茉央,24,2023
森　駿太,17,2023
根尾　昂,24,2023
松木平　優太,21,2023
森　博人,26,2023
津田　啓史,22,2023
仲地　礼亜,23,2023
石川　昂弥,23,2023
ボスラー,31,2023
チェイビス,29,2023
田中　将大,36,2023
甲斐　拓也,32,2023
大津　綾也,21,2023
相澤　白虎,20,2023
丸　佳浩,35,2023
長野　久義,39,2023
宇都宮　葵星,20,2023
坂本　勇人,35,2023
田上　優弥,19,2023
門脇　誠,23,2023
村山　源,19,2023
吉川　尚輝,29,2023
中田　歩夢,20,2023
増田　大輝,31,2023
湯浅　大,24,2023
アルカンタラ,32,2023
加藤　豪将,29,2023
中山　誠吾,24,2023
ガルビス,34,2023
アストゥディーヨ,32,2023
ホーキンス,30,2023
二保　旭,33,2023
ノイジー,29,2023
Ｋ．ケラー,30,2023
髙濱　祐仁,27,2023
髙山　俊,30,2023
秋山　拓巳,32,2023
Ｂ．ケラー,29,2023
北條　史也,29,2023
古川　侑利,28,2023
嘉弥真　新也,34,2023
田中　怜利　ハモンド,19,2023
ヘラルディーノ,19,2023
加藤　洸稀,20,2023
居谷　匠真,21,2023
中道　佑哉,25,2023
早　真之介,21,2023
奥村　政稔,31,2023
伊藤　大将,22,2023
佐藤　宏樹,24,2023
和田　毅,42,2023
デスパイネ,37,2023
ガンケル,32,2023
椎野　新,28,2023
髙橋　純平,26,2023
メネズ,28,2023
姫野　優也,26,2023
柿木　蓮,23,2023
エンス,32,2023
齊藤　誠人,28,2023
クリスキー,29,2023
齊藤　大将,28,2023
粟津　凱士,26,2023
伊藤　翔,24,2023
阿部　和広,20,2023
齊藤　伸治,25,2023
王　柏融,30,2023
ハンソン,31,2023
赤上　優人,24,2023
高木　渉,24,2023
呉　念庭,30,2023
コドラド,26,2023
鈴木　将平,25,2023
張　奕,29,2023
ブランドン,25,2023
ヘレラ,25,2023
出井　敏博,26,2023
ジョセフ,24,2023
中熊　大智,27,2023
川野　涼多,22,2023
渡邉　雄大,32,2023
片山　雄哉,29,2023
ブルワー,31,2023
望月　惇志,26,2023
谷内　亮太,32,2023
マーベル,30,2023
ミエセス,28,2023
小林　慶祐,31,2023
江越　大賀,30,2023
木村　文紀,35,2023
福田　光輝,26,2023
立野　和明,25,2023
ガント,31,2023
伊藤　大海,26,2023
ポンセ,29,2023
井上　晴哉,34,2023
村上　舜,22,2023
メルセデス,29,2023
カスティーヨ,28,2023
菅野　剛士,30,2023
佐々木　朗希,22,2023
三木　亮,32,2023
東條　大樹,32,2023
大河原　翔,20,2023
竹下　瑛広,23,2023
村山　亮介,20,2023
速水　将大,23,2023
谷川　唯人,21,2023
土肥　星也,28,2023
古谷　拓郎,23,2023
西川　僚祐,21,2023
柳澤　大空,20,2023
江村　直也,31,2023
ウレーニャ,24,2023
大田　泰示,33,2023
櫻井　周斗,24,2023
小深田　大地,20,2023
ガゼルマン,30,2023
田中　健二朗,34,2023
笠原　祥太郎,28,2023
ウェンデルケン,30,2023
アンバギー,29,2023
大和,36,2023
三浦　銀二,24,2023
西浦　直亨,32,2023
池谷　蒼大,24,2023
髙田　琢登,21,2023
福田　秀平,34,2023
今永　昇太,30,2023
藤田　一也,41,2023
エスコバー,31,2023
田中　俊太,30,2023
宮國　椋丞,31,2023
平田　真吾,34,2023
土居　豪人,23,2023
佐藤　奨真,25,2023
アポステル,24,2023
黒川　凱星,19,2023
白濱　快起,19,2023
福森　耀真,26,2023
ブロッソー,29,2023
渡辺　明貴,23,2023
加藤　大,21,2023
村川　凪,25,2023
東出　直也,20,2023
大橋　武尊,22,2023
岡本　直也,27,2023
大竹　風雅,24,2023
重田　倫明,27,2023
フェリックス,24,2023
中村　宜聖,23,2023
渡邊　佑樹,28,2023
小林　珠維,22,2023
佐久間　拓斗,20,2023
瀧本　将生,20,2023
三代　祥貴,19,2023
髙田　萌生,25,2023
和田　恋,28,2023
石橋　良太,32,2023
高田　孝一,25,2023
銀次,35,2023
横尾　俊建,30,2023
正隨　優弥,27,2023
小峯　新陸,22,2023
吉川　雄大,27,2023
スターリン,25,2023
佐藤　智輝,23,2023
松井　裕樹,28,2023
引地　秀一郎,23,2023
内間　拓馬,25,2023
ギッテンス,29,2023
塩見　貴洋,35,2023
安樂　智大,27,2023
バニュエロス,32,2023
小笠原　慎之介,26,2023
田島　慎二,34,2023
藤井　黎來,24,2023
ピーターズ,31,2023
中村　来生,20,2023
新家　颯,20,2023
木下　元秀,22,2023
近藤　弘樹,28,2023
ケラ,30,2023
荒木　貴裕,36,2023
堂上　直倫,35,2023
福島　章太,21,2023
三好　大倫,26,2023
岡野　祐一郎,29,2023
龍空,21,2023
デラクルーズ,19,2023
坂田　怜,24,2023
行木　俊,22,2023
コルニエル,28,2023
デビッドソン,32,2023
西田　明央,31,2023
吉田　大喜,26,2023
フェリペ,24,2023
尾仲　祐哉,28,2023
成田　翔,25,2023
市川　悠太,22,2023
嘉手苅　浩太,21,2023
三ツ俣　大樹,31,2023
松本　友,28,2023
大下　佑馬,31,2023
奥村　展征,28,2023
青木　宣親,41,2023
松井　聖,28,2023
山崎　晃大朗,30,2023
鈴木　裕太,23,2023
杉山　晃基,26,2023
下　慎之介,21,2023
前田　研輝,25,2023
岡本　大翔,21,2023
シュウィンデル,31,2023
園部　佳太,24,2023
山中　尭之,24,2023
コットン,31,2023
竹安　大知,29,2023
辻垣　高良,21,2023
釣　寿生,21,2023
山本　由伸,25,2023
梶谷　隆幸,35,2023
川嵜　陽仁,20,2023
加藤　廉,24,2023
石岡　諒太,31,2023
中田　惟斗,22,2023
安達　了一,35,2023
中島　宏之,41,2023
松田　亘哲,26,2023
レビーラ,24,2023
上田　洸太朗,21,2023
比嘉　幹貴,41,2023
竹内　龍臣,22,2023
アルバレス,24,2023
加藤　翼,21,2023
鈴木　博志,26,2023
砂田　毅樹,28,2023
溝脇　隼人,29,2023
伊藤　康祐,23,2023
加藤　翔平,32,2023
後藤　駿太,30,2023
福田　永将,35,2023
佐野　如一,25,2023
ワゲスパック,30,2023
Ｔ－岡田,35,2023
垣越　建伸,23,2023
吉田　凌,26,2023
平野　大和,22,2023
中川　颯,25,2023
上野　響平,22,2023
ニックス,27,2023
渡邉　大樹,26,2023
小田　裕也,34,2023
マクブルーム,31,2023
田中　豊樹,30,2023
メンデス,28,2023
アンダーソン,29,2023
曽根　海成,28,2023
一岡　竜司,32,2023
薮田　和樹,31,2023
岡田　雅利,34,2023
石森　大誠,26,2023
マキノン,29,2023
公文　克彦,31,2023
ティノコ,28,2023
陽川　尚将,32,2023
大野　奨太,36,2023
増田　達至,35,2023
ペイトン,32,2023
金子　侑司,33,2023
アキーノ,29,2023
松田　宣浩,40,2023
髙橋　優貴,26,2023
谷元　圭介,38,2023
山﨑　友輔,25,2023
鍵谷　陽平,33,2023
太田　龍,25,2023
菊田　拡和,22,2023
久保　拓眞,27,2023
サイスニード,31,2023
笠島　尚樹,21,2023
ビーディ,30,2023
髙田　竜星,21,2023
奈良木　陸,25,2023
菅野　智之,34,2023
エスピナル,32,2023
三好　匠,30,2023
ブリンソン,29,2023
阿部　剣友,21,2023
鍬原　拓也,27,2023
ウォーカー,32,2023
戸根　千明,31,2023
岡田　明丈,30,2023
野村　祐輔,34,2023
保科　広一,25,2023
萩原　哲,25,2023
三上　朋也,34,2023
山本　一輝,25,2023
高木　京介,34,2023
小沼　健太,25,2023
谷岡　竜平,27,2023
立岡　宗一郎,33,2023
吉田　正尚,30,2023
松山　真之,23,2023
シューメーカー,37,2023
伊藤　海斗,22,2023
谷岡　楓太,22,2023
バレラ,31,2023
鶴見　凌也,22,2023
マッカーシー,29,2023
中村　勝,32,2023
クロール,32,2023
増井　浩俊,39,2023
鈴木　優,26,2023
ビドル,32,2023
廣澤　伸哉,24,2023
西村　凌,27,2023
能見　篤史,44,2023
Ｋ－鈴木,29,2023
松井　雅人,36,2023
高山　優希,25,2023
難波　侑平,24,2023
樋口　龍之介,29,2023
長谷川　凌汰,28,2023
ラベロ,31,2023
速水　隆成,26,2023
片岡　奨人,26,2023
宮田　輝星,26,2023
黒田　響生,23,2023
井納　翔一,37,2023
山口　俊,36,2023
ダニエル・ミサキ,27,2023
デラロサ,34,2023
アンドリース,34,2023
金子　千尋,40,2023
谷川　昌希,31,2023
望月　大希,25,2023
ヌニエス,29,2023
杉谷　拳士,32,2023
吉田　裕太,32,2023
エチェバリア,34,2023
レアード,36,2023
松永　昂大,35,2023
田中　靖洋,36,2023
ビエイラ,30,2023
桜井　俊貴,30,2023
ペラルタ,22,2023
サントス,29,2023
ウィーラー,36,2023
與那原　大剛,25,2023
ロメロ,32,2023
八百板　卓丸,26,2023
嶋　基宏,39,2023
スアレス,31,2023
牧　丈一郎,24,2023
コール,31,2023
吉田　大成,28,2023
宮台　康平,28,2023
内山　太嗣,27,2023
キブレハン,34,2023
内川　聖一,41,2023
中山　翔太,27,2023
マクガフ,34,2023
寺島　成輝,25,2023
坂口　智隆,39,2023
佐野　泰雄,30,2023
武隈　祥太,34,2023
ジャンセン・ウィティ,33,2023
十亀　剣,36,2023
内海　哲也,41,2023
オグレディ,31,2023
守屋　功輝,30,2023
ウィルカーソン,34,2023
佐藤　優,30,2023
平田　良介,35,2023
渡辺　勝,30,2023
山下　斐紹,31,2023
福留　孝介,46,2023
バルガス,32,2023
フランスア,30,2023
海田　智行,36,2023
榊原　翼,25,2023
中神　拓都,23,2023
田中　法彦,23,2023
戸田　隆矢,30,2023
大嶺　祐太,35,2023
中田　廉,33,2023
高橋　樹也,26,2023
山口　翔,24,2023
白濱　裕太,38,2023
安部　友裕,34,2023
滝野　要,27,2023
マルク,28,2023
Ａ．マルティネス,27,2023
ワカマツ,27,2023
タバーレス,29,2023
濱田　達郎,29,2023
菊池　保則,34,2023
桂　依央利,32,2023
Ｒ．マルティネス,27,2023
宮本　秀明,27,2023
倉本　寿彦,32,2023
髙城　俊人,30,2023
ピープルズ,32,2023
福山　博之,34,2023
内田　靖人,28,2023
寺岡　寛治,31,2023
勝俣　翔貴,26,2023
平間　隼人,27,2023
石田　駿,26,2023
マーキ,28,2023
釜元　豪,30,2023
吉持　亮汰,30,2023
マルモレホス,30,2023
森　雄大,29,2023
川島　慶三,40,2023
釜田　佳直,30,2023
福井　優也,35,2023
ブセニッツ,33,2023
岩見　政暉,29,2023
チェン・ウェイン,38,2023
ロハス・ジュニア,33,2023
髙田　知季,33,2023
山下　幸輝,30,2023
有吉　優樹,32,2023
熊代　聖人,34,2023
戸川　大輔,27,2023
川村　啓真,24,2023
糸井　嘉男,42,2023
スミス,33,2023
真砂　勇介,29,2023
千賀　滉大,30,2023
浅田　将汰,22,2023
田部　隼人,22,2023
荒木　翔太,22,2023
明石　健志,37,2023
チャトウッド,34,2023
黒瀬　健太,26,2023
中谷　将大,30,2023
秋吉　亮,34,2023
レイ,33,2023
グラシアル,38,2023
宜保　翔,25,2024
河内　康介,20,2024
小野　泰己,31,2024
前　佑囲斗,24,2024
香月　一也,29,2024
小林　誠司,36,2024
亀田　啓太,26,2024
松井　颯,25,2024
戸郷　翔征,25,2024
園田　純規,20,2024
山﨑　伊織,27,2024
木下　幹也,23,2024
西舘　勇陽,23,2024
千葉　隆広,20,2024
大勢,26,2024
鈴木　圭晋,19,2024
堀江　正太郎,19,2024
キャベッジ,28,2024
ティマ,21,2024
萩尾　匡也,24,2024
三浦　克也,24,2024
近藤　大亮,34,2024
吹田　志道,18,2024
グリフィン,30,2024
西川　歩,19,2024
富田　龍,26,2024
高橋　礼,30,2024
岸田　行倫,29,2024
北村　流音,20,2024
吉村　優聖歩,20,2024
今村　信貴,31,2024
竹下　徠空,19,2024
岡本　和真,29,2024
坂本　達也,23,2024
大城　卓三,32,2024
石塚　裕惺,19,2024
田村　朋輝,21,2024
重信　慎之介,32,2024
ヘルナンデス,31,2024
中川　皓太,31,2024
黄　錦豪,19,2024
中山　礼都,23,2024
フルプ,26,2024
岡田　悠希,25,2024
郡　拓也,27,2024
馬場　皐輔,30,2024
泉口　友汰,26,2024
ルシアーノ,25,2024
森本　哲星,21,2024
ケラー,32,2024
平山　功太,21,2024
浦田　俊輔,23,2024
赤星　優志,26,2024
乙坂　智,31,2024
直江　大輔,25,2024
高梨　雄平,33,2024
リチャード,26,2024
浅野　翔吾,21,2024
舟越　秀虎,24,2024
オコエ　瑠偉,28,2024
バルドナード,32,2024
フェリス,23,2024
田中　千晴,25,2024
森田　駿哉,28,2024
鴨打　瑛二,21,2024
又木　鉄平,26,2024
田中　瑛斗,26,2024
大城　元,21,2024
佐々木　俊輔,26,2024
石田　隼都,22,2024
笹原　操希,21,2024
菊地　大稀,26,2024
代木　大和,22,2024
山瀬　慎之助,24,2024
平内　龍太,27,2024
石川　達也,27,2024
山田　龍聖,25,2024
花田　侑樹,22,2024
泉　圭輔,28,2024
横川　凱,25,2024
増田　陸,25,2024
荒巻　悠,22,2024
若林　楽人,27,2024
船迫　大雅,29,2024
宮原　駿介,23,2024
京本　眞,21,2024
鈴木　大和,26,2024
井上　温大,24,2024
三塚　琉生,21,2024
戸田　懐生,25,2024
喜多　隆介,27,2024
マルティネス,29,2024
堀田　賢慎,24,2024
石田　充冴,19,2024
デール,25,2024
遠藤　成,24,2024
村西　良太,28,2024
杉本　裕太郎,34,2024
権田　琉成,25,2024
髙島　泰都,25,2024
才木　海翔,25,2024
川瀬　堅斗,23,2024
佐藤　一磨,24,2024
入山　海斗,25,2024
中川　圭太,29,2024
博志,28,2024
福田　周平,33,2024
大里　昂生,26,2024
堀　柊那,20,2024
茶野　篤政,26,2024
本田　圭佑,32,2024
ペルドモ,32,2024
井口　和朋,31,2024
山田　修義,34,2024
小木田　敦也,27,2024
乾　健斗,19,2024
田島　光祐,25,2024
寺本　聖一,22,2024
ディアス,25,2024
上原　堆我,18,2024
横山　楓,27,2024
清水　武蔵,22,2024
今坂　幸暉,19,2024
山中　稜真,24,2024
片山　楽生,23,2024
東松　快征,20,2024
山口　廉王,19,2024
本田　仁海,26,2024
河野　聡太,25,2024
東山　玲士,25,2024
頓宮　裕真,29,2024
芦田　丈飛,25,2024
宮國　凌空,20,2024
大江　海透,25,2024
マチャド,32,2024
佐野　皓大,29,2024
寿賀　弘都,20,2024
岩嵜　翔,36,2024
池田　陵真,22,2024
来田　涼斗,23,2024
石川　亮,30,2024
オリバレス,29,2024
古田島　成龍,26,2024
横山　聖哉,20,2024
村上　喬一朗,24,2024
杉澤　龍,25,2024
福永　奨,26,2024
太田　椋,24,2024
廣岡　大志,28,2024
田嶋　大樹,29,2024
富山　凌雅,28,2024
元　謙太,23,2024
齋藤　響介,21,2024
内藤　鵬,21,2024
紅林　弘太郎,23,2024
吉田　輝星,24,2024
九里　亜蓮,34,2024
山﨑　颯一郎,27,2024
阿部　翔太,33,2024
山岡　泰輔,30,2024
宮城　大弥,24,2024
陳　睦衡,19,2024
曽谷　龍平,24,2024
平野　佳寿,41,2024
椋木　蓮,25,2024
宇田川　優希,27,2024
寺西　成騎,23,2024
東　晃平,25,2024
山下　舜平大,23,2024
大城　滉二,32,2024
野口　智哉,26,2024
麦谷　祐介,23,2024
西川　龍馬,30,2024
宗　佑磨,29,2024
西野　真弘,35,2024
森　友哉,30,2024
若月　健矢,30,2024
エスピノーザ,27,2024
渡部　遼人,26,2024
北浦　竜次,25,2024
安西　叶翔,21,2024
マイカ与那嶺,25,2024
山本　晃大,26,2024
山口　アタル,26,2024
中山　晶量,26,2024
藤田　大清,21,2024
澁谷　純希,19,2024
川勝　空人,18,2024
清宮　虎多朗,25,2024
松本　遼大,23,2024
加藤　大和,19,2024
平田　大樹,20,2024
濵田　泰希,19,2024
レイエス,30,2024
梅林　優貴,27,2024
宮内　春輝,29,2024
孫　易磊,20,2024
柳川　大晟,22,2024
福島　蓮,22,2024
松岡　洸希,25,2024
星野　ひので,20,2024
山本　拓実,25,2024
万波　中正,25,2024
明瀬　諒介,20,2024
田宮　裕涼,25,2024
山城　航太郎,23,2024
清水　大暉,19,2024
今川　優馬,28,2024
吉田　賢吾,24,2024
根本　悠楓,22,2024
奈良間　大己,25,2024
細川　凌平,23,2024
松浦　慶斗,22,2024
山縣　秀,23,2024
水谷　瞬,24,2024
池田　隆英,31,2024
石川　直也,29,2024
五十幡　亮汰,27,2024
若林　晃弘,32,2024
齋藤　友貴哉,30,2024
畔柳　亨丞,22,2024
バーヘイゲン,35,2024
阪口　樂,22,2024
水野　達稀,25,2024
ザバラ,28,2024
福谷　浩司,34,2024
福田　俊,28,2024
有薗　直輝,22,2024
石井　一成,31,2024
古林　睿煬,25,2024
宮崎　一樹,24,2024
浅利　太門,23,2024
堀　瑞輝,27,2024
進藤　勇也,23,2024
藤田　琉生,19,2024
柴田　獅子,19,2024
郡司　裕也,27,2024
細野　晴希,23,2024
河野　竜生,27,2024
古川　裕大,27,2024
田中　正義,31,2024
宮西　尚生,40,2024
金村　尚真,25,2024
伏見　寅威,35,2024
杉浦　稔大,33,2024
清宮　幸太郎,26,2024
上原　健太,31,2024
玉井　大翔,33,2024
山﨑　福也,33,2024
伊藤　大海,28,2024
達　孝太,21,2024
北山　亘基,26,2024
加藤　貴之,33,2024
生田目　翼,30,2024
矢澤　宏太,25,2024
清水　優心,29,2024
中島　卓也,34,2024
淺間　大基,29,2024
松本　剛,32,2024
野村　佑希,25,2024
上川畑　大悟,28,2024
パラシオス,21,2024
マーティン,25,2024
富山　紘之進,20,2024
藤田　和樹,20,2024
髙野　光海,21,2024
松石　信八,19,2024
武内　涼太,20,2024
長島　幸佑,23,2024
茨木　佑太,19,2024
谷村　剛,19,2024
勝又　琉偉,21,2024
永島田　輝斗,21,2024
中村　亮太,27,2024
秋山　正雲,22,2024
森　遼大朗,26,2024
本前　郁也,28,2024
田中　楓基,22,2024
ソト,36,2024
ゲレーロ,34,2024
国吉　佑樹,34,2024
吉川　悠斗,20,2024
アセベド,23,2024
金田　優太,20,2024
茶谷　健太,27,2024
澤田　圭佑,31,2024
寺地　隆成,20,2024
廣池　康志郎,23,2024
和田　康士朗,26,2024
坂井　遼,19,2024
山本　大斗,23,2024
横山　陸人,24,2024
早坂　響,20,2024
河村　説人,28,2024
小川　龍成,27,2024
中森　俊介,23,2024
柿沼　友哉,32,2024
ボス,33,2024
木村　優人,20,2024
益田　直也,36,2024
山口　航輝,25,2024
松尾　汐恩,21,2024
度会　隆輝,23,2024
オースティン,34,2024
牧　秀悟,27,2024
桑原　将志,32,2024
林　琢真,25,2024
入江　大生,27,2024
坂本　裕哉,28,2024
山﨑　康晃,33,2024
小園　健太,22,2024
三嶋　一輝,35,2024
大貫　晋一,31,2024
徳山　壮磨,26,2024
石田　健大,32,2024
伊勢　大夢,27,2024
竹田　祐,26,2024
東　克樹,29,2024
戸柱　恭孝,35,2024
京田　陽太,31,2024
神里　和毅,31,2024
佐野　恵太,30,2024
森　敬斗,23,2024
若松　尚輝,25,2024
森　唯斗,33,2024
加藤　響,23,2024
森下　瑠大,21,2024
橋本　達弥,25,2024
松本　凌人,23,2024
武田　陸玖,20,2024
益子　京右,24,2024
柴田　竜拓,31,2024
篠木　健太郎,23,2024
伊藤　光,36,2024
勝又　温史,25,2024
藤浪　晋太郎,31,2024
三森　大貴,26,2024
筒香　嘉智,34,2024
吉野　光樹,27,2024
東妻　純平,24,2024
田内　真翔,18,2024
井上　絢登,25,2024
石田　裕太郎,23,2024
颯,27,2024
浜地　真澄,27,2024
宮﨑　敏郎,36,2024
山本　祐大,27,2024
京山　将弥,27,2024
坂口　翔颯,23,2024
森原　康平,33,2024
石上　泰輝,24,2024
深沢　鳳介,22,2024
ジャクソン,29,2024
佐々木　千隼,31,2024
松本　隆之介,23,2024
バウアー,34,2024
九鬼　隆平,27,2024
堀岡　隼人,27,2024
庄司　陽斗,24,2024
ケイ,30,2024
岩田　将貴,27,2024
ビシエド,36,2024
宮城　滝太,25,2024
中川　虎大,26,2024
関根　大気,30,2024
ウィック,33,2024
蝦名　達夫,28,2024
知野　直人,26,2024
平良　拳太郎,30,2024
梶原　昂希,26,2024
笠谷　俊介,28,2024
高見澤　郁魅,19,2024
小針　大輝,19,2024
粟飯原　龍之介,21,2024
近藤　大雅,20,2024
西巻　賢二,26,2024
上甲　凌大,24,2024
小笠原　蒼,20,2024
吉岡　暖,19,2024
今野　瑠斗,21,2024
金渕　光希,19,2024
清水　麻成,20,2024
草野　陽斗,21,2024
蓮,21,2024
フォード,33,2024
マルセリーノ,23,2024
愛斗,28,2024
立松　由宇,26,2024
中村　稔弥,29,2024
鈴木　昭汰,27,2024
岩下　大輝,29,2024
植田　将太,27,2024
宮崎　竜成,24,2024
石垣　雅海,27,2024
サモンズ,30,2024
一條　力真,22,2024
西村　天裕,32,2024
大下　誠一郎,28,2024
髙部　瑛斗,27,2024
小野　郁,29,2024
坂本　光士郎,31,2024
田中　晴也,21,2024
高野　脩汰,27,2024
八木　彬,28,2024
佐藤　都志也,27,2024
大谷　輝龍,25,2024
廣畑　敦也,27,2024
西野　勇士,34,2024
菊地　吏玖,25,2024
田村　龍弘,31,2024
岡　大海,34,2024
東妻　勇輔,29,2024
石川　慎吾,32,2024
ポランコ,34,2024
石川　柊太,33,2024
唐川　侑己,36,2024
二木　康太,30,2024
種市　篤暉,27,2024
美馬　学,39,2024
小島　和哉,29,2024
石川　歩,37,2024
澤村　拓一,37,2024
上田　希由翔,24,2024
中村　奨吾,33,2024
藤岡　裕大,32,2024
西川　史礁,22,2024
安田　尚憲,26,2024
友杉　篤輝,25,2024
角中　勝也,38,2024
松川　虎生,22,2024
藤原　恭大,25,2024
池田　来翔,25,2024
荻野　貴司,40,2024
蕭　齊,19,2024
江川　侑斗,24,2024
岸本　佑也,18,2024
永田　颯太郎,25,2024
古賀　康誠,21,2024
ヤフーレ,27,2024
辰見　鴻之介,25,2024
前田　銀治,22,2024
吉野　創士,22,2024
陽　柏翔,20,2024
小森　航大郎,22,2024
宮森　智志,27,2024
柴田　大地,28,2024
石原　彪,26,2024
内　星龍,23,2024
青野　拓海,20,2024
大内　誠弥,19,2024
今野　龍太,30,2024
堀内　謙伍,28,2024
林　優樹,24,2024
入江　大樹,23,2024
西口　直人,29,2024
松田　啄磨,23,2024
ワォーターズ　璃海ジュミル,20,2024
泰　勝利,22,2024
辛島　航,35,2024
瀧中　瞭太,30,2024
鈴木　翔天,29,2024
安田　悠馬,25,2024
日當　直喜,20,2024
坂井　陽翔,20,2024
津留﨑　大成,28,2024
小郷　裕哉,29,2024
武藤　敦貴,24,2024
西垣　雅矢,26,2024
渡邊　佳明,28,2024
藤井　聖,29,2024
藤平　尚真,27,2024
松井　友飛,26,2024
田中　貴也,33,2024
宋　家豪,33,2024
山田　遥楓,29,2024
加治屋　蓮,34,2024
江原　雅裕,25,2024
伊藤　裕季也,29,2024
弓削　隼人,31,2024
吉納　翼,23,2024
島内　宏明,35,2024
山﨑　剛,29,2024
中島　大輔,24,2024
渡辺　翔太,25,2024
平良　竜哉,27,2024
德山　一翔,23,2024
酒居　知史,32,2024
岡島　豪郎,36,2024
中込　陽翔,23,2024
田中　和基,31,2024
黒川　史陽,24,2024
フランコ,33,2024
水上　桂,24,2024
小孫　竜二,28,2024
早川　隆久,27,2024
ターリー,36,2024
荘司　康誠,25,2024
古謝　樹,24,2024
王　彦程,24,2024
ハワード,29,2024
則本　昂大,34,2024
ゴンザレス,27,2024
岸　孝之,40,2024
ボイト,34,2024
辰己　涼介,28,2024
鈴木　大地,36,2024
村林　一輝,28,2024
阿部　寿樹,35,2024
浅村　栄斗,35,2024
太田　光,29,2024
宗山　塁,22,2024
小深田　大翔,30,2024
サルディ,20,2024
アルモンテ,17,2024
オスーナ,18,2024
盛島　稜大,21,2024
西尾　歩真,25,2024
飛田　悠成,20,2024
佐藤　航太,21,2024
川原田　純平,23,2024
重松　凱人,25,2024
水口　創太,26,2024
佐々木　明都,20,2024
岡植　純平,21,2024
内野　海斗,21,2024
長水　啓眞,20,2024
山下　恭吾,21,2024
赤羽　蓮,21,2024
田上　奏大,23,2024
ロドリゲス,24,2024
風間　球打,22,2024
生海,25,2024
張　峻ウェイ,20,2024
塩士　暖,19,2024
加藤　晴空,22,2024
ゲラ,30,2024
木浪　聖也,31,2024
熊谷　太雅,19,2024
山崎　琢磨,22,2024
木下　勇人,19,2024
藤田　淳平,25,2024
ハモンド,21,2024
シモン,21,2024
漁府　輝羽,23,2024
藤原　大翔,19,2024
澤柳　亮太郎,25,2024
岡田　皓一朗,23,2024
井﨑　燦志郎,21,2024
相原　雄太,23,2024
津嘉山　憲志郎,19,2024
アルメンタ,21,2024
大城　真乃,23,2024
星野　恒太朗,24,2024
渡邉　諒,30,2024
工藤　泰成,24,2024
デュプランティエ,31,2024
下村　海翔,23,2024
伊原　陵人,25,2024
西　勇輝,35,2024
西　純矢,24,2024
岩貞　祐太,34,2024
岩崎　優,34,2024
坂本　誠志郎,32,2024
佐藤　輝明,26,2024
近本　光司,31,2024
熊谷　敬宥,30,2024
大山　悠輔,30,2024
梅野　隆太郎,34,2024
森下　翔太,25,2024
村上　頌樹,27,2024
井坪　陽生,20,2024
榮枝　裕貴,27,2024
小幡　竜平,25,2024
及川　雅貴,24,2024
畠　世周,31,2024
才木　浩人,27,2024
漆原　大晟,29,2024
糸原　健斗,33,2024
井上　広大,24,2024
早川　太貴,25,2024
門別　啓人,21,2024
髙橋　遥人,30,2024
今朝丸　裕喜,19,2024
伊藤　将司,29,2024
椎葉　剛,23,2024
長坂　拳弥,31,2024
百﨑　蒼生,20,2024
楠本　泰史,30,2024
木下　里都,24,2024
島田　海吏,29,2024
山田　脩也,20,2024
中野　拓夢,29,2024
富田　蓮,24,2024
大竹　耕太郎,30,2024
茨木　秀俊,21,2024
桐敷　拓馬,26,2024
島本　浩也,32,2024
佐野　大陽,23,2024
戸井　零士,20,2024
町田　隼乙,22,2024
ネルソン,29,2024
原口　文仁,33,2024
川原　陸,24,2024
ドリス,37,2024
ハートウィグ,27,2024
石井　大智,28,2024
中川　勇斗,21,2024
髙寺　望夢,23,2024
津田　淳哉,24,2024
湯浅　京己,26,2024
岡留　英貴,26,2024
石黒　佑弥,24,2024
植田　海,29,2024
豊田　寛,28,2024
小野寺　暖,27,2024
藤田　健斗,24,2024
前川　右京,22,2024
コンスエグラ,25,2024
アルナエス,23,2024
ベタンセス,26,2024
川﨑　俊哲,24,2024
嶋村　麟士朗,22,2024
福島　圭音,24,2024
伊藤　稜,26,2024
松原　快,26,2024
小川　一平,28,2024
鈴木　勇斗,25,2024
森木　大智,22,2024
ビーズリー,30,2024
佐藤　蓮,27,2024
野口　恭佑,25,2024
中澤　恒貴,20,2024
勝連　大稀,24,2024
佐倉　侠史朗,20,2024
河野　伸一朗,19,2024
広瀬　結煌,18,2024
大友　宗,26,2024
桑原　秀侍,23,2024
大泉　周也,26,2024
藤野　恵音,22,2024
ザイレン,19,2024
野村　勇,28,2024
川口　冬弥,26,2024
宮﨑　颯,25,2024
山本　恵大,26,2024
岩崎　峻典,22,2024
木村　光,25,2024
石見　颯真,19,2024
松本　裕樹,29,2024
藤田　悠太郎,20,2024
上茶谷　大河,29,2024
海野　隆司,28,2024
川村　友斗,26,2024
大野　稼頭央,21,2024
長谷川　威展,26,2024
木村　大成,22,2024
緒方　理貢,27,2024
田浦　文丸,26,2024
石塚　綜一郎,24,2024
オスナ,30,2024
大山　凌,23,2024
秋広　優人,23,2024
前田　純,25,2024
板東　湧梧,29,2024
松本　晴,24,2024
藤井　皓哉,29,2024
大関　友久,27,2024
宇野　真仁朗,19,2024
谷川原　健太,28,2024
笹川　吉康,23,2024
井上　朋也,22,2024
伊藤　優輔,28,2024
前田　悠伍,20,2024
杉山　一樹,27,2024
尾形　崇斗,26,2024
イヒネ　イツア,21,2024
モイネロ,29,2024
村田　賢一,24,2024
廣瀨　隆太,24,2024
柳町　達,28,2024
正木　智也,26,2024
佐藤　直樹,27,2024
大江　竜聖,26,2024
安德　駿,23,2024
岩井　俊介,24,2024
大津　亮介,26,2024
庄子　雄大,23,2024
栗原　陵矢,29,2024
周東　佑京,29,2024
牧原　巧汰,23,2024
村上　泰斗,18,2024
武田　翔太,32,2024
有原　航平,33,2024
東浜　巨,35,2024
又吉　克樹,35,2024
濵口　遥大,30,2024
嶺井　博希,34,2024
津森　宥紀,27,2024
上沢　直之,31,2024
柳田　悠岐,37,2024
牧原　大成,33,2024
中村　晃,36,2024
今宮　健太,34,2024
山川　穂高,34,2024
ダウンズ,27,2024
近藤　健介,32,2024
スチュワート・ジュニア,26,2024
渡邉　陸,25,2024
川瀬　晃,28,2024
オケム,19,2024
福尾　遥真,19,2024
澤田　遥斗,19,2024
川野　涼太,24,2024
佐藤　爽,22,2024
ラマル,19,2024
木瀬　翔太,20,2024
金子　功児,22,2024
川下　将勲,20,2024
森脇　亮介,33,2024
谷口　朝陽,21,2024
シンクレア,24,2024
ガルシア,25,2024
冨士　大和,19,2024
是澤　涼輔,25,2024
三浦　大輝,25,2024
井上　広輝,24,2024
野村　和輝,22,2024
宮澤　太成,26,2024
ロペス,26,2024
上間　永遠,24,2024
野田　海人,20,2024
大曲　錬,27,2024
村田　怜音,24,2024
浜屋　将太,26,2024
奥村　光一,25,2024
モンテル,25,2024
菅井　信也,22,2024
豆田　泰志,22,2024
水上　由伸,27,2024
岸　潤一郎,28,2024
野村　大樹,25,2024
渡部　健人,26,2024
古市　尊,23,2024
龍山　暖,19,2024
長谷川　信哉,23,2024
滝澤　夏央,22,2024
平良　海馬,26,2024
中村　剛也,42,2024
古賀　輝希,25,2024
中村　祐太,30,2024
黒田　将矢,21,2024
Ｅ．ラミレス,31,2024
仲三河　優太,23,2024
黒木　優太,31,2024
牧野　翔矢,24,2024
篠原　響,19,2024
西川　愛也,26,2024
髙松　渡,26,2024
佐々木　健,29,2024
今井　達也,27,2024
杉山　遙希,20,2024
狩生　聖真,18,2024
ウィンゲンター,31,2024
林　冠臣,22,2024
羽田　慎之介,21,2024
ボー・タカハシ,28,2024
成田　晴風,19,2024
セデーニョ,27,2024
平沢　大河,27,2024
佐藤　太陽,23,2024
柘植　世那,28,2024
山田　陽翔,21,2024
大瀬良　大地,34,2024
森浦　大輔,27,2024
大道　温貴,26,2024
佐々木　泰,22,2024
秋山　翔吾,37,2024
堂林　翔太,34,2024
小園　海斗,25,2024
矢野　雅哉,26,2024
田中　広輔,36,2024
羽月　隆太郎,25,2024
上本　崇司,35,2024
菊池　涼介,35,2024
石原　貴規,27,2024
坂倉　将吾,27,2024
滝田　一希,23,2024
ケムナ　誠,30,2024
佐藤　柳之介,23,2024
會澤　翼,37,2024
益田　武尚,27,2024
黒原　拓未,25,2024
髙　太一,24,2024
中﨑　翔太,33,2024
栗林　良吏,29,2024
床田　寛樹,30,2024
森下　暢仁,28,2024
常廣　羽也斗,24,2024
森　翔平,27,2024
渡邉　悠斗,23,2024
アドゥワ　誠,27,2024
斉藤　優汰,21,2024
河野　佳,24,2024
松本　竜也,26,2024
林　晃汰,25,2024
島内　颯太郎,29,2024
ドミンゲス,29,2024
鈴木　健矢,27,2024
磯村　嘉孝,33,2024
長谷部　銀次,27,2024
宇草　孔基,28,2024
野間　峻祥,32,2024
塹江　敦哉,28,2024
赤塚　健利,24,2024
高橋　昂也,27,2024
遠藤　淳志,26,2024
玉村　昇悟,24,2024
髙木　翔斗,22,2024
内田　湘大,21,2024
清水　叶人,21,2024
ファビアン,27,2024
田村　俊介,22,2024
大盛　穂,29,2024
仲田　侑仁,20,2024
持丸　泰輝,24,2024
久保　修,25,2024
松山　竜平,40,2024
韮澤　雄也,24,2024
岡本　駿,23,2024
末包　昇大,29,2024
中村　健人,28,2024
竹下　海斗,19,2024
小船　翼,19,2024
安竹　俊喜,24,2024
名原　典彦,25,2024
杉田　健,24,2024
二俣　翔一,23,2024
辻　大雅,21,2024
中村　貴浩,25,2024
中村　奨成,26,2024
モンテロ,27,2024
佐藤　啓介,24,2024
前川　誠太,22,2024
日髙　暖己,21,2024
山足　達也,32,2024
ハーン,31,2024
菊地　ハルン,18,2024
ロベルト,25,2024
ラミレス,23,2024
小林　樹斗,22,2024
杉原　望来,20,2024
松原　聖弥,30,2024
甲斐野　央,29,2024
古川　雄大,21,2024
山村　崇嘉,23,2024
平沼　翔太,28,2024
元山　飛優,26,2024
青山　美夏人,25,2024
炭谷　銀仁朗,38,2024
ネビン,28,2024
平井　克典,33,2024
糸川　亮太,27,2024
古賀　悠斗,26,2024
武内　夏暉,24,2024
田村　伊知郎,31,2024
佐藤　隼輔,25,2024
松本　航,28,2024
隅田　知一郎,26,2024
與座　海人,30,2024
髙橋　光成,28,2024
渡邉　勇太朗,25,2024
上田　大河,24,2024
デービス,32,2024
蛭間　拓哉,25,2024
渡部　聖弥,23,2024
源田　壮亮,32,2024
外崎　修汰,32,2024
齋藤　大翔,18,2024
栗山　巧,42,2024
児玉　亮涼,27,2024
仲田　慶介,26,2024
青柳　晃洋,31,2024
橋本　星哉,25,2024
中川　拓真,23,2024
沼田　翔平,25,2024
下川　隼佑,25,2024
丸山　翔大,27,2024
伊藤　琉偉,23,2024
阪口　皓亮,26,2024
鈴木　叶,19,2024
岩田　幸宏,28,2024
増田　珠,26,2024
竹山　日向,22,2024
宮川　哲,30,2024
武岡　龍世,24,2024
バウマン,30,2024
矢野　泰二郎,23,2024
坂本　拓己,21,2024
村上　宗隆,25,2024
田中　陽翔,19,2024
長谷川　宙輝,27,2024
原　樹理,32,2024
濱田　太貴,25,2024
北村　恵吾,24,2024
山下　輝,26,2024
金久保　優斗,26,2024
高橋　奎二,28,2024
太田　賢吾,28,2024
小澤　怜史,27,2024
大西　広樹,28,2024
山本　大貴,30,2024
澤井　廉,25,2024
矢崎　拓也,30,2024
高梨　裕稔,34,2024
ランバート,28,2024
北村　拓己,30,2024
山野辺　翔,31,2024
西村　瑠伊斗,21,2024
石原　勇輝,24,2024
田口　麗斗,30,2024
内山　壮真,23,2024
松本　直樹,32,2024
モイセエフ　ニキータ,18,2024
荘司　宏太,25,2024
小川　泰弘,35,2024
松本　健吾,26,2024
中村　悠平,35,2024
髙野　颯太,20,2024
山野　太一,26,2024
根岸　辰昇,25,2024
サンタナ,33,2024
星　知弥,31,2024
澤野　聖悠,23,2024
松本　龍之介,20,2024
吉村　貢司郎,27,2024
木澤　尚文,27,2024
佐藤　琢磨,25,2024
石川　雅規,45,2024
鈴木　康平,31,2024
奥川　恭伸,24,2024
清水　昇,29,2024
翔聖,19,2024
西濱　勇星,23,2024
中村　優斗,22,2024
西舘　昂汰,24,2024
廣澤　優,24,2024
石山　泰稚,37,2024
アビラ,28,2024
宮本　丈,30,2024
塩見　泰隆,32,2024
茂木　栄五郎,31,2024
長岡　秀樹,24,2024
川端　慎吾,38,2024
丸山　和郁,26,2024
西川　遥輝,33,2024
古賀　優大,27,2024
山田　哲人,33,2024
並木　秀尊,26,2024
赤羽　由紘,25,2024
モニエル,24,2024
川上　理偉,24,2024
菊田　翔友,22,2024
日渡　騰輝,21,2024
森山　暁生,20,2024
野中　天翔,20,2024
福元　悠真,25,2024
石川　翔,25,2024
星野　真生,21,2024
井上　剣也,18,2024
中村　奈一輝,19,2024
加藤　竜馬,26,2024
樋口　正修,27,2024
ウォルターズ,28,2024
マラー,28,2024
メヒア,28,2024
松山　晋也,25,2024
近藤　廉,27,2024
三浦　瑞樹,26,2024
鵜飼　航丞,26,2024
佐藤　龍世,28,2024
有馬　惠叶,19,2024
板山　祐太郎,31,2024
高橋　幸佑,18,2024
山本　泰寛,32,2024
齋藤　綱記,28,2024
石橋　康太,24,2024
山浅　龍之介,21,2024
田中　幹也,24,2024
岡林　勇希,23,2024
辻本　倫太郎,24,2024
尾田　剛樹,25,2024
細川　成也,27,2024
藤嶋　健人,27,2024
駿太,32,2024
マルテ,30,2024
上林　誠知,30,2024
清水　達也,26,2024
加藤　匠馬,33,2024
土生　翔太,24,2024
吉田　聖弥,23,2024
梅野　雄吾,26,2024
土田　龍空,22,2024
川越　誠司,32,2024
味谷　大誠,22,2024
ブライト　健太,26,2024
勝野　昌慶,28,2024
宇佐見　真吾,32,2024
大野　雄大,37,2024
金丸　夢斗,22,2024
涌井　秀章,39,2024
髙橋　宏斗,23,2024
梅津　晃大,29,2024
柳　裕也,31,2024
草加　勝,24,2024
橋本　侑樹,27,2024
岡田　俊哉,33,2024
石伊　雄太,25,2024
大島　洋平,40,2024
福永　裕基,29,2024
中田　翔,36,2024
村松　開人,24,2024
カリステ,33,2024
高橋　周平,31,2024
松葉　貴大,35,2024
濱　将乃介,25,2024
福田　幸之介,20,2024
木下　拓哉,33,2024
福　敬登,33,2024
祖父江　大輔,38,2024
伊藤　茉央,25,2024
森　駿太,18,2024
根尾　昂,25,2024
松木平　優太,22,2024
森　博人,27,2024
津田　啓史,23,2024
仲地　礼亜,24,2024
石川　昂弥,24,2024
ボスラー,32,2024
チェイビス,30,2024
田中　将大,37,2024
甲斐　拓也,33,2024
大津　綾也,22,2024
相澤　白虎,21,2024
丸　佳浩,36,2024
長野　久義,40,2024
宇都宮　葵星,21,2024
坂本　勇人,36,2024
田上　優弥,20,2024
門脇　誠,24,2024
村山　源,20,2024
吉川　尚輝,30,2024
中田　歩夢,21,2024
増田　大輝,32,2024
湯浅　大,25,2024
アルカンタラ,33,2024
加藤　豪将,30,2024
中山　誠吾,25,2024
ガルビス,35,2024
アストゥディーヨ,33,2024
ホーキンス,31,2024
二保　旭,34,2024
ノイジー,30,2024
Ｋ．ケラー,31,2024
髙濱　祐仁,28,2024
髙山　俊,31,2024
秋山　拓巳,33,2024
Ｂ．ケラー,30,2024
北條　史也,30,2024
古川　侑利,29,2024
嘉弥真　新也,35,2024
田中　怜利　ハモンド,20,2024
ヘラルディーノ,20,2024
加藤　洸稀,21,2024
居谷　匠真,22,2024
中道　佑哉,26,2024
早　真之介,22,2024
奥村　政稔,32,2024
伊藤　大将,23,2024
佐藤　宏樹,25,2024
和田　毅,43,2024
デスパイネ,38,2024
ガンケル,33,2024
椎野　新,29,2024
髙橋　純平,27,2024
メネズ,29,2024
姫野　優也,27,2024
柿木　蓮,24,2024
エンス,33,2024
齊藤　誠人,29,2024
クリスキー,30,2024
齊藤　大将,29,2024
粟津　凱士,27,2024
伊藤　翔,25,2024
阿部　和広,21,2024
齊藤　伸治,26,2024
王　柏融,31,2024
ハンソン,32,2024
赤上　優人,25,2024
高木　渉,25,2024
呉　念庭,31,2024
コドラド,27,2024
鈴木　将平,26,2024
張　奕,30,2024
ブランドン,26,2024
ヘレラ,26,2024
出井　敏博,27,2024
ジョセフ,25,2024
中熊　大智,28,2024
川野　涼多,23,2024
渡邉　雄大,33,2024
片山　雄哉,30,2024
ブルワー,32,2024
望月　惇志,27,2024
谷内　亮太,33,2024
マーベル,31,2024
ミエセス,29,2024
小林　慶祐,32,2024
江越　大賀,31,2024
木村　文紀,36,2024
福田　光輝,27,2024
立野　和明,26,2024
ガント,32,2024
伊藤　大海,27,2024
ポンセ,30,2024
井上　晴哉,35,2024
村上　舜,23,2024
メルセデス,30,2024
カスティーヨ,29,2024
菅野　剛士,31,2024
佐々木　朗希,23,2024
三木　亮,33,2024
東條　大樹,33,2024
大河原　翔,21,2024
竹下　瑛広,24,2024
村山　亮介,21,2024
速水　将大,24,2024
谷川　唯人,22,2024
土肥　星也,29,2024
古谷　拓郎,24,2024
西川　僚祐,22,2024
柳澤　大空,21,2024
江村　直也,32,2024
ウレーニャ,25,2024
大田　泰示,34,2024
櫻井　周斗,25,2024
小深田　大地,21,2024
ガゼルマン,31,2024
田中　健二朗,35,2024
笠原　祥太郎,29,2024
ウェンデルケン,31,2024
アンバギー,30,2024
大和,37,2024
三浦　銀二,25,2024
西浦　直亨,33,2024
池谷　蒼大,25,2024
髙田　琢登,22,2024
福田　秀平,35,2024
今永　昇太,31,2024
藤田　一也,42,2024
エスコバー,32,2024
田中　俊太,31,2024
宮國　椋丞,32,2024
平田　真吾,35,2024
土居　豪人,24,2024
佐藤　奨真,26,2024
アポステル,25,2024
黒川　凱星,20,2024
白濱　快起,20,2024
福森　耀真,27,2024
ブロッソー,30,2024
渡辺　明貴,24,2024
加藤　大,22,2024
村川　凪,26,2024
東出　直也,21,2024
大橋　武尊,23,2024
岡本　直也,28,2024
大竹　風雅,25,2024
重田　倫明,28,2024
フェリックス,25,2024
中村　宜聖,24,2024
渡邊　佑樹,29,2024
小林　珠維,23,2024
佐久間　拓斗,21,2024
瀧本　将生,21,2024
三代　祥貴,20,2024
髙田　萌生,26,2024
和田　恋,29,2024
石橋　良太,33,2024
高田　孝一,26,2024
銀次,36,2024
横尾　俊建,31,2024
正隨　優弥,28,2024
小峯　新陸,23,2024
吉川　雄大,28,2024
スターリン,26,2024
佐藤　智輝,24,2024
松井　裕樹,29,2024
引地　秀一郎,24,2024
内間　拓馬,26,2024
ギッテンス,30,2024
塩見　貴洋,36,2024
安樂　智大,28,2024
バニュエロス,33,2024
小笠原　慎之介,27,2024
田島　慎二,35,2024
藤井　黎來,25,2024
ピーターズ,32,2024
中村　来生,21,2024
新家　颯,21,2024
木下　元秀,23,2024
近藤　弘樹,29,2024
ケラ,31,2024
荒木　貴裕,37,2024
堂上　直倫,36,2024
福島　章太,22,2024
三好　大倫,27,2024
岡野　祐一郎,30,2024
龍空,22,2024
デラクルーズ,20,2024
坂田　怜,25,2024
行木　俊,23,2024
コルニエル,29,2024
デビッドソン,33,2024
西田　明央,32,2024
吉田　大喜,27,2024
フェリペ,25,2024
尾仲　祐哉,29,2024
成田　翔,26,2024
市川　悠太,23,2024
嘉手苅　浩太,22,2024
三ツ俣　大樹,32,2024
松本　友,29,2024
大下　佑馬,32,2024
奥村　展征,29,2024
青木　宣親,42,2024
松井　聖,29,2024
山崎　晃大朗,31,2024
鈴木　裕太,24,2024
杉山　晃基,27,2024
下　慎之介,22,2024
前田　研輝,26,2024
岡本　大翔,22,2024
シュウィンデル,32,2024
園部　佳太,25,2024
山中　尭之,25,2024
コットン,32,2024
竹安　大知,30,2024
辻垣　高良,22,2024
釣　寿生,22,2024
山本　由伸,26,2024
梶谷　隆幸,36,2024
川嵜　陽仁,21,2024
加藤　廉,25,2024
石岡　諒太,32,2024
中田　惟斗,23,2024
安達　了一,36,2024
中島　宏之,42,2024
松田　亘哲,27,2024
レビーラ,25,2024
上田　洸太朗,22,2024
比嘉　幹貴,42,2024
竹内　龍臣,23,2024
アルバレス,25,2024
加藤　翼,22,2024
鈴木　博志,27,2024
砂田　毅樹,29,2024
溝脇　隼人,30,2024
伊藤　康祐,24,2024
加藤　翔平,33,2024
後藤　駿太,31,2024
福田　永将,36,2024
佐野　如一,26,2024
ワゲスパック,31,2024
Ｔ－岡田,36,2024
垣越　建伸,24,2024
吉田　凌,27,2024
平野　大和,23,2024
中川　颯,26,2024
上野　響平,23,2024
ニックス,28,2024
渡邉　大樹,27,2024
小田　裕也,35,2024
マクブルーム,32,2024
田中　豊樹,31,2024
メンデス,29,2024
アンダーソン,30,2024
曽根　海成,29,2024
一岡　竜司,33,2024
薮田　和樹,32,2024
岡田　雅利,35,2024
石森　大誠,27,2024
マキノン,30,2024
公文　克彦,32,2024
ティノコ,29,2024
陽川　尚将,33,2024
大野　奨太,37,2024
増田　達至,36,2024
ペイトン,33,2024
金子　侑司,34,2024
アキーノ,30,2024
松田　宣浩,41,2024
髙橋　優貴,27,2024
谷元　圭介,39,2024
山﨑　友輔,26,2024
鍵谷　陽平,34,2024
太田　龍,26,2024
菊田　拡和,23,2024
久保　拓眞,28,2024
サイスニード,32,2024
笠島　尚樹,22,2024
ビーディ,31,2024
髙田　竜星,22,2024
奈良木　陸,26,2024
菅野　智之,35,2024
エスピナル,33,2024
三好　匠,31,2024
ブリンソン,30,2024
阿部　剣友,22,2024
鍬原　拓也,28,2024
ウォーカー,33,2024
戸根　千明,32,2024
岡田　明丈,31,2024
野村　祐輔,35,2024
保科　広一,26,2024
萩原　哲,26,2024
三上　朋也,35,2024
山本　一輝,26,2024
高木　京介,35,2024
小沼　健太,26,2024
谷岡　竜平,28,2024
立岡　宗一郎,34,2024
吉田　正尚,31,2024
松山　真之,24,2024
シューメーカー,38,2024
伊藤　海斗,23,2024
谷岡　楓太,23,2024
バレラ,32,2024
鶴見　凌也,23,2024
マッカーシー,30,2024
中村　勝,33,2024
クロール,33,2024
増井　浩俊,40,2024
鈴木　優,27,2024
ビドル,33,2024
廣澤　伸哉,25,2024
西村　凌,28,2024
能見　篤史,45,2024
Ｋ－鈴木,30,2024
松井　雅人,37,2024
高山　優希,26,2024
難波　侑平,25,2024
樋口　龍之介,30,2024
長谷川　凌汰,29,2024
ラベロ,32,2024
速水　隆成,27,2024
片岡　奨人,27,2024
宮田　輝星,27,2024
黒田　響生,24,2024
井納　翔一,38,2024
山口　俊,37,2024
ダニエル・ミサキ,28,2024
デラロサ,35,2024
アンドリース,35,2024
金子　千尋,41,2024
谷川　昌希,32,2024
望月　大希,26,2024
ヌニエス,30,2024
杉谷　拳士,33,2024
吉田　裕太,33,2024
エチェバリア,35,2024
レアード,37,2024
松永　昂大,36,2024
田中　靖洋,37,2024
ビエイラ,31,2024
桜井　俊貴,31,2024
ペラルタ,23,2024
サントス,30,2024
ウィーラー,37,2024
與那原　大剛,26,2024
ロメロ,33,2024
八百板　卓丸,27,2024
嶋　基宏,40,2024
スアレス,32,2024
牧　丈一郎,25,2024
コール,32,2024
吉田　大成,29,2024
宮台　康平,29,2024
内山　太嗣,28,2024
キブレハン,35,2024
内川　聖一,42,2024
中山　翔太,28,2024
マクガフ,35,2024
寺島　成輝,26,2024
坂口　智隆,40,2024
佐野　泰雄,31,2024
武隈　祥太,35,2024
ジャンセン・ウィティ,34,2024
十亀　剣,37,2024
内海　哲也,42,2024
オグレディ,32,2024
守屋　功輝,31,2024
ウィルカーソン,35,2024
佐藤　優,31,2024
平田　良介,36,2024
渡辺　勝,31,2024
山下　斐紹,32,2024
福留　孝介,47,2024
バルガス,33,2024
フランスア,31,2024
海田　智行,37,2024
榊原　翼,26,2024
中神　拓都,24,2024
田中　法彦,24,2024
戸田　隆矢,31,2024
大嶺　祐太,36,2024
中田　廉,34,2024
高橋　樹也,27,2024
山口　翔,25,2024
白濱　裕太,39,2024
安部　友裕,35,2024
滝野　要,28,2024
マルク,29,2024
Ａ．マルティネス,28,2024
ワカマツ,28,2024
タバーレス,30,2024
濱田　達郎,30,2024
菊池　保則,35,2024
桂　依央利,33,2024
Ｒ．マルティネス,28,2024
宮本　秀明,28,2024
倉本　寿彦,33,2024
髙城　俊人,31,2024
ピープルズ,33,2024
福山　博之,35,2024
内田　靖人,29,2024
寺岡　寛治,32,2024
勝俣　翔貴,27,2024
平間　隼人,28,2024
石田　駿,27,2024
マーキ,29,2024
釜元　豪,31,2024
吉持　亮汰,31,2024
マルモレホス,31,2024
森　雄大,30,2024
川島　慶三,41,2024
釜田　佳直,31,2024
福井　優也,36,2024
ブセニッツ,34,2024
岩見　政暉,30,2024
チェン・ウェイン,39,2024
ロハス・ジュニア,34,2024
髙田　知季,34,2024
山下　幸輝,31,2024
有吉　優樹,33,2024
熊代　聖人,35,2024
戸川　大輔,28,2024
川村　啓真,25,2024
糸井　嘉男,43,2024
スミス,34,2024
真砂　勇介,30,2024
千賀　滉大,31,2024
浅田　将汰,23,2024
田部　隼人,23,2024
荒木　翔太,23,2024
明石　健志,38,2024
チャトウッド,35,2024
黒瀬　健太,27,2024
中谷　将大,31,2024
秋吉　亮,35,2024
レイ,34,2024
グラシアル,39,2024
宜保　翔,26,2025
河内　康介,21,2025
小野　泰己,32,2025
前　佑囲斗,25,2025
香月　一也,30,2025
小林　誠司,37,2025
亀田　啓太,27,2025
松井　颯,26,2025
戸郷　翔征,26,2025
園田　純規,21,2025
山﨑　伊織,28,2025
木下　幹也,24,2025
西舘　勇陽,24,2025
千葉　隆広,21,2025
大勢,27,2025
鈴木　圭晋,20,2025
堀江　正太郎,20,2025
キャベッジ,29,2025
ティマ,22,2025
萩尾　匡也,25,2025
三浦　克也,25,2025
近藤　大亮,35,2025
吹田　志道,19,2025
グリフィン,31,2025
西川　歩,20,2025
富田　龍,27,2025
高橋　礼,31,2025
岸田　行倫,30,2025
北村　流音,21,2025
吉村　優聖歩,21,2025
今村　信貴,32,2025
竹下　徠空,20,2025
岡本　和真,30,2025
坂本　達也,24,2025
大城　卓三,33,2025
石塚　裕惺,20,2025
田村　朋輝,22,2025
重信　慎之介,33,2025
ヘルナンデス,32,2025
中川　皓太,32,2025
黄　錦豪,20,2025
中山　礼都,24,2025
フルプ,27,2025
岡田　悠希,26,2025
郡　拓也,28,2025
馬場　皐輔,31,2025
泉口　友汰,27,2025
ルシアーノ,26,2025
森本　哲星,22,2025
ケラー,33,2025
平山　功太,22,2025
浦田　俊輔,24,2025
赤星　優志,27,2025
乙坂　智,32,2025
直江　大輔,26,2025
高梨　雄平,34,2025
リチャード,27,2025
浅野　翔吾,22,2025
舟越　秀虎,25,2025
オコエ　瑠偉,29,2025
バルドナード,33,2025
フェリス,24,2025
田中　千晴,26,2025
森田　駿哉,29,2025
鴨打　瑛二,22,2025
又木　鉄平,27,2025
田中　瑛斗,27,2025
大城　元,22,2025
佐々木　俊輔,27,2025
石田　隼都,23,2025
笹原　操希,22,2025
菊地　大稀,27,2025
代木　大和,23,2025
山瀬　慎之助,25,2025
平内　龍太,28,2025
石川　達也,28,2025
山田　龍聖,26,2025
花田　侑樹,23,2025
泉　圭輔,29,2025
横川　凱,26,2025
増田　陸,26,2025
荒巻　悠,23,2025
若林　楽人,28,2025
船迫　大雅,30,2025
宮原　駿介,24,2025
京本　眞,22,2025
鈴木　大和,27,2025
井上　温大,25,2025
三塚　琉生,22,2025
戸田　懐生,26,2025
喜多　隆介,28,2025
マルティネス,30,2025
堀田　賢慎,25,2025
石田　充冴,20,2025
デール,26,2025
遠藤　成,25,2025
村西　良太,29,2025
杉本　裕太郎,35,2025
権田　琉成,26,2025
髙島　泰都,26,2025
才木　海翔,26,2025
川瀬　堅斗,24,2025
佐藤　一磨,25,2025
入山　海斗,26,2025
中川　圭太,30,2025
博志,29,2025
福田　周平,34,2025
大里　昂生,27,2025
堀　柊那,21,2025
茶野　篤政,27,2025
本田　圭佑,33,2025
ペルドモ,33,2025
井口　和朋,32,2025
山田　修義,35,2025
小木田　敦也,28,2025
乾　健斗,20,2025
田島　光祐,26,2025
寺本　聖一,23,2025
ディアス,26,2025
上原　堆我,19,2025
横山　楓,28,2025
清水　武蔵,23,2025
今坂　幸暉,20,2025
山中　稜真,25,2025
片山　楽生,24,2025
東松　快征,21,2025
山口　廉王,20,2025
本田　仁海,27,2025
河野　聡太,26,2025
東山　玲士,26,2025
頓宮　裕真,30,2025
芦田　丈飛,26,2025
宮國　凌空,21,2025
大江　海透,26,2025
マチャド,33,2025
佐野　皓大,30,2025
寿賀　弘都,21,2025
岩嵜　翔,37,2025
池田　陵真,23,2025
来田　涼斗,24,2025
石川　亮,31,2025
オリバレス,30,2025
古田島　成龍,27,2025
横山　聖哉,21,2025
村上　喬一朗,25,2025
杉澤　龍,26,2025
福永　奨,27,2025
太田　椋,25,2025
廣岡　大志,29,2025
田嶋　大樹,30,2025
富山　凌雅,29,2025
元　謙太,24,2025
齋藤　響介,22,2025
内藤　鵬,22,2025
紅林　弘太郎,24,2025
吉田　輝星,25,2025
九里　亜蓮,35,2025
山﨑　颯一郎,28,2025
阿部　翔太,34,2025
山岡　泰輔,31,2025
宮城　大弥,25,2025
陳　睦衡,20,2025
曽谷　龍平,25,2025
平野　佳寿,42,2025
椋木　蓮,26,2025
宇田川　優希,28,2025
寺西　成騎,24,2025
東　晃平,26,2025
山下　舜平大,24,2025
大城　滉二,33,2025
野口　智哉,27,2025
麦谷　祐介,24,2025
西川　龍馬,31,2025
宗　佑磨,30,2025
西野　真弘,36,2025
森　友哉,31,2025
若月　健矢,31,2025
エスピノーザ,28,2025
渡部　遼人,27,2025
北浦　竜次,26,2025
安西　叶翔,22,2025
マイカ与那嶺,26,2025
山本　晃大,27,2025
山口　アタル,27,2025
中山　晶量,27,2025
藤田　大清,22,2025
澁谷　純希,20,2025
川勝　空人,19,2025
清宮　虎多朗,26,2025
松本　遼大,24,2025
加藤　大和,20,2025
平田　大樹,21,2025
濵田　泰希,20,2025
レイエス,31,2025
梅林　優貴,28,2025
宮内　春輝,30,2025
孫　易磊,21,2025
柳川　大晟,23,2025
福島　蓮,23,2025
松岡　洸希,26,2025
星野　ひので,21,2025
山本　拓実,26,2025
万波　中正,26,2025
明瀬　諒介,21,2025
田宮　裕涼,26,2025
山城　航太郎,24,2025
清水　大暉,20,2025
今川　優馬,29,2025
吉田　賢吾,25,2025
根本　悠楓,23,2025
奈良間　大己,26,2025
細川　凌平,24,2025
松浦　慶斗,23,2025
山縣　秀,24,2025
水谷　瞬,25,2025
池田　隆英,32,2025
石川　直也,30,2025
五十幡　亮汰,28,2025
若林　晃弘,33,2025
齋藤　友貴哉,31,2025
畔柳　亨丞,23,2025
バーヘイゲン,36,2025
阪口　樂,23,2025
水野　達稀,26,2025
ザバラ,29,2025
福谷　浩司,35,2025
福田　俊,29,2025
有薗　直輝,23,2025
石井　一成,32,2025
古林　睿煬,26,2025
宮崎　一樹,25,2025
浅利　太門,24,2025
堀　瑞輝,28,2025
進藤　勇也,24,2025
藤田　琉生,20,2025
柴田　獅子,20,2025
郡司　裕也,28,2025
細野　晴希,24,2025
河野　竜生,28,2025
古川　裕大,28,2025
田中　正義,32,2025
宮西　尚生,41,2025
金村　尚真,26,2025
伏見　寅威,36,2025
杉浦　稔大,34,2025
清宮　幸太郎,27,2025
上原　健太,32,2025
玉井　大翔,34,2025
山﨑　福也,34,2025
伊藤　大海,29,2025
達　孝太,22,2025
北山　亘基,27,2025
加藤　貴之,34,2025
生田目　翼,31,2025
矢澤　宏太,26,2025
清水　優心,30,2025
中島　卓也,35,2025
淺間　大基,30,2025
松本　剛,33,2025
野村　佑希,26,2025
上川畑　大悟,29,2025
パラシオス,22,2025
マーティン,26,2025
富山　紘之進,21,2025
藤田　和樹,21,2025
髙野　光海,22,2025
松石　信八,20,2025
武内　涼太,21,2025
長島　幸佑,24,2025
茨木　佑太,20,2025
谷村　剛,20,2025
勝又　琉偉,22,2025
永島田　輝斗,22,2025
中村　亮太,28,2025
秋山　正雲,23,2025
森　遼大朗,27,2025
本前　郁也,29,2025
田中　楓基,23,2025
ソト,37,2025
ゲレーロ,35,2025
国吉　佑樹,35,2025
吉川　悠斗,21,2025
アセベド,24,2025
金田　優太,21,2025
茶谷　健太,28,2025
澤田　圭佑,32,2025
寺地　隆成,21,2025
廣池　康志郎,24,2025
和田　康士朗,27,2025
坂井　遼,20,2025
山本　大斗,24,2025
横山　陸人,25,2025
早坂　響,21,2025
河村　説人,29,2025
小川　龍成,28,2025
中森　俊介,24,2025
柿沼　友哉,33,2025
ボス,34,2025
木村　優人,21,2025
益田　直也,37,2025
山口　航輝,26,2025
松尾　汐恩,22,2025
度会　隆輝,24,2025
オースティン,35,2025
牧　秀悟,28,2025
桑原　将志,33,2025
林　琢真,26,2025
入江　大生,28,2025
坂本　裕哉,29,2025
山﨑　康晃,34,2025
小園　健太,23,2025
三嶋　一輝,36,2025
大貫　晋一,32,2025
徳山　壮磨,27,2025
石田　健大,33,2025
伊勢　大夢,28,2025
竹田　祐,27,2025
東　克樹,30,2025
戸柱　恭孝,36,2025
京田　陽太,32,2025
神里　和毅,32,2025
佐野　恵太,31,2025
森　敬斗,24,2025
若松　尚輝,26,2025
森　唯斗,34,2025
加藤　響,24,2025
森下　瑠大,22,2025
橋本　達弥,26,2025
松本　凌人,24,2025
武田　陸玖,21,2025
益子　京右,25,2025
柴田　竜拓,32,2025
篠木　健太郎,24,2025
伊藤　光,37,2025
勝又　温史,26,2025
藤浪　晋太郎,32,2025
三森　大貴,27,2025
筒香　嘉智,35,2025
吉野　光樹,28,2025
東妻　純平,25,2025
田内　真翔,19,2025
井上　絢登,26,2025
石田　裕太郎,24,2025
颯,28,2025
浜地　真澄,28,2025
宮﨑　敏郎,37,2025
山本　祐大,28,2025
京山　将弥,28,2025
坂口　翔颯,24,2025
森原　康平,34,2025
石上　泰輝,25,2025
深沢　鳳介,23,2025
ジャクソン,30,2025
佐々木　千隼,32,2025
松本　隆之介,24,2025
バウアー,35,2025
九鬼　隆平,28,2025
堀岡　隼人,28,2025
庄司　陽斗,25,2025
ケイ,31,2025
岩田　将貴,28,2025
ビシエド,37,2025
宮城　滝太,26,2025
中川　虎大,27,2025
関根　大気,31,2025
ウィック,34,2025
蝦名　達夫,29,2025
知野　直人,27,2025
平良　拳太郎,31,2025
梶原　昂希,27,2025
笠谷　俊介,29,2025
高見澤　郁魅,20,2025
小針　大輝,20,2025
粟飯原　龍之介,22,2025
近藤　大雅,21,2025
西巻　賢二,27,2025
上甲　凌大,25,2025
小笠原　蒼,21,2025
吉岡　暖,20,2025
今野　瑠斗,22,2025
金渕　光希,20,2025
清水　麻成,21,2025
草野　陽斗,22,2025
蓮,22,2025
フォード,34,2025
マルセリーノ,24,2025
愛斗,29,2025
立松　由宇,27,2025
中村　稔弥,30,2025
鈴木　昭汰,28,2025
岩下　大輝,30,2025
植田　将太,28,2025
宮崎　竜成,25,2025
石垣　雅海,28,2025
サモンズ,31,2025
一條　力真,23,2025
西村　天裕,33,2025
大下　誠一郎,29,2025
髙部　瑛斗,28,2025
小野　郁,30,2025
坂本　光士郎,32,2025
田中　晴也,22,2025
高野　脩汰,28,2025
八木　彬,29,2025
佐藤　都志也,28,2025
大谷　輝龍,26,2025
廣畑　敦也,28,2025
西野　勇士,35,2025
菊地　吏玖,26,2025
田村　龍弘,32,2025
岡　大海,35,2025
東妻　勇輔,30,2025
石川　慎吾,33,2025
ポランコ,35,2025
石川　柊太,34,2025
唐川　侑己,37,2025
二木　康太,31,2025
種市　篤暉,28,2025
美馬　学,40,2025
小島　和哉,30,2025
石川　歩,38,2025
澤村　拓一,38,2025
上田　希由翔,25,2025
中村　奨吾,34,2025
藤岡　裕大,33,2025
西川　史礁,23,2025
安田　尚憲,27,2025
友杉　篤輝,26,2025
角中　勝也,39,2025
松川　虎生,23,2025
藤原　恭大,26,2025
池田　来翔,26,2025
荻野　貴司,41,2025
蕭　齊,20,2025
江川　侑斗,25,2025
岸本　佑也,19,2025
永田　颯太郎,26,2025
古賀　康誠,22,2025
ヤフーレ,28,2025
辰見　鴻之介,26,2025
前田　銀治,23,2025
吉野　創士,23,2025
陽　柏翔,21,2025
小森　航大郎,23,2025
宮森　智志,28,2025
柴田　大地,29,2025
石原　彪,27,2025
内　星龍,24,2025
青野　拓海,21,2025
大内　誠弥,20,2025
今野　龍太,31,2025
堀内　謙伍,29,2025
林　優樹,25,2025
入江　大樹,24,2025
西口　直人,30,2025
松田　啄磨,24,2025
ワォーターズ　璃海ジュミル,21,2025
泰　勝利,23,2025
辛島　航,36,2025
瀧中　瞭太,31,2025
鈴木　翔天,30,2025
安田　悠馬,26,2025
日當　直喜,21,2025
坂井　陽翔,21,2025
津留﨑　大成,29,2025
小郷　裕哉,30,2025
武藤　敦貴,25,2025
西垣　雅矢,27,2025
渡邊　佳明,29,2025
藤井　聖,30,2025
藤平　尚真,28,2025
松井　友飛,27,2025
田中　貴也,34,2025
宋　家豪,34,2025
山田　遥楓,30,2025
加治屋　蓮,35,2025
江原　雅裕,26,2025
伊藤　裕季也,30,2025
弓削　隼人,32,2025
吉納　翼,24,2025
島内　宏明,36,2025
山﨑　剛,30,2025
中島　大輔,25,2025
渡辺　翔太,26,2025
平良　竜哉,28,2025
德山　一翔,24,2025
酒居　知史,33,2025
岡島　豪郎,37,2025
中込　陽翔,24,2025
田中　和基,32,2025
黒川　史陽,25,2025
フランコ,34,2025
水上　桂,25,2025
小孫　竜二,29,2025
早川　隆久,28,2025
ターリー,37,2025
荘司　康誠,26,2025
古謝　樹,25,2025
王　彦程,25,2025
ハワード,30,2025
則本　昂大,35,2025
ゴンザレス,28,2025
岸　孝之,41,2025
ボイト,35,2025
辰己　涼介,29,2025
鈴木　大地,37,2025
村林　一輝,29,2025
阿部　寿樹,36,2025
浅村　栄斗,36,2025
太田　光,30,2025
宗山　塁,23,2025
小深田　大翔,31,2025
サルディ,21,2025
アルモンテ,18,2025
オスーナ,19,2025
盛島　稜大,22,2025
西尾　歩真,26,2025
飛田　悠成,21,2025
佐藤　航太,22,2025
川原田　純平,24,2025
重松　凱人,26,2025
水口　創太,27,2025
佐々木　明都,21,2025
岡植　純平,22,2025
内野　海斗,22,2025
長水　啓眞,21,2025
山下　恭吾,22,2025
赤羽　蓮,22,2025
田上　奏大,24,2025
ロドリゲス,25,2025
風間　球打,23,2025
生海,26,2025
張　峻ウェイ,21,2025
塩士　暖,20,2025
加藤　晴空,23,2025
ゲラ,31,2025
木浪　聖也,32,2025
熊谷　太雅,20,2025
山崎　琢磨,23,2025
木下　勇人,20,2025
藤田　淳平,26,2025
ハモンド,22,2025
シモン,22,2025
漁府　輝羽,24,2025
藤原　大翔,20,2025
澤柳　亮太郎,26,2025
岡田　皓一朗,24,2025
井﨑　燦志郎,22,2025
相原　雄太,24,2025
津嘉山　憲志郎,20,2025
アルメンタ,22,2025
大城　真乃,24,2025
星野　恒太朗,25,2025
渡邉　諒,31,2025
工藤　泰成,25,2025
デュプランティエ,32,2025
下村　海翔,24,2025
伊原　陵人,26,2025
西　勇輝,36,2025
西　純矢,25,2025
岩貞　祐太,35,2025
岩崎　優,35,2025
坂本　誠志郎,33,2025
佐藤　輝明,27,2025
近本　光司,32,2025
熊谷　敬宥,31,2025
大山　悠輔,31,2025
梅野　隆太郎,35,2025
森下　翔太,26,2025
村上　頌樹,28,2025
井坪　陽生,21,2025
榮枝　裕貴,28,2025
小幡　竜平,26,2025
及川　雅貴,25,2025
畠　世周,32,2025
才木　浩人,28,2025
漆原　大晟,30,2025
糸原　健斗,34,2025
井上　広大,25,2025
早川　太貴,26,2025
門別　啓人,22,2025
髙橋　遥人,31,2025
今朝丸　裕喜,20,2025
伊藤　将司,30,2025
椎葉　剛,24,2025
長坂　拳弥,32,2025
百﨑　蒼生,21,2025
楠本　泰史,31,2025
木下　里都,25,2025
島田　海吏,30,2025
山田　脩也,21,2025
中野　拓夢,30,2025
富田　蓮,25,2025
大竹　耕太郎,31,2025
茨木　秀俊,22,2025
桐敷　拓馬,27,2025
島本　浩也,33,2025
佐野　大陽,24,2025
戸井　零士,21,2025
町田　隼乙,23,2025
ネルソン,30,2025
原口　文仁,34,2025
川原　陸,25,2025
ドリス,38,2025
ハートウィグ,28,2025
石井　大智,29,2025
中川　勇斗,22,2025
髙寺　望夢,24,2025
津田　淳哉,25,2025
湯浅　京己,27,2025
岡留　英貴,27,2025
石黒　佑弥,25,2025
植田　海,30,2025
豊田　寛,29,2025
小野寺　暖,28,2025
藤田　健斗,25,2025
前川　右京,23,2025
コンスエグラ,26,2025
アルナエス,24,2025
ベタンセス,27,2025
川﨑　俊哲,25,2025
嶋村　麟士朗,23,2025
福島　圭音,25,2025
伊藤　稜,27,2025
松原　快,27,2025
小川　一平,29,2025
鈴木　勇斗,26,2025
森木　大智,23,2025
ビーズリー,31,2025
佐藤　蓮,28,2025
野口　恭佑,26,2025
中澤　恒貴,21,2025
勝連　大稀,25,2025
佐倉　侠史朗,21,2025
河野　伸一朗,20,2025
広瀬　結煌,19,2025
大友　宗,27,2025
桑原　秀侍,24,2025
大泉　周也,27,2025
藤野　恵音,23,2025
ザイレン,20,2025
野村　勇,29,2025
川口　冬弥,27,2025
宮﨑　颯,26,2025
山本　恵大,27,2025
岩崎　峻典,23,2025
木村　光,26,2025
石見　颯真,20,2025
松本　裕樹,30,2025
藤田　悠太郎,21,2025
上茶谷　大河,30,2025
海野　隆司,29,2025
川村　友斗,27,2025
大野　稼頭央,22,2025
長谷川　威展,27,2025
木村　大成,23,2025
緒方　理貢,28,2025
田浦　文丸,27,2025
石塚　綜一郎,25,2025
オスナ,31,2025
大山　凌,24,2025
秋広　優人,24,2025
前田　純,26,2025
板東　湧梧,30,2025
松本　晴,25,2025
藤井　皓哉,30,2025
大関　友久,28,2025
宇野　真仁朗,20,2025
谷川原　健太,29,2025
笹川　吉康,24,2025
井上　朋也,23,2025
伊藤　優輔,29,2025
前田　悠伍,21,2025
杉山　一樹,28,2025
尾形　崇斗,27,2025
イヒネ　イツア,22,2025
モイネロ,30,2025
村田　賢一,25,2025
廣瀨　隆太,25,2025
柳町　達,29,2025
正木　智也,27,2025
佐藤　直樹,28,2025
大江　竜聖,27,2025
安德　駿,24,2025
岩井　俊介,25,2025
大津　亮介,27,2025
庄子　雄大,24,2025
栗原　陵矢,30,2025
周東　佑京,30,2025
牧原　巧汰,24,2025
村上　泰斗,19,2025
武田　翔太,33,2025
有原　航平,34,2025
東浜　巨,36,2025
又吉　克樹,36,2025
濵口　遥大,31,2025
嶺井　博希,35,2025
津森　宥紀,28,2025
上沢　直之,32,2025
柳田　悠岐,38,2025
牧原　大成,34,2025
中村　晃,37,2025
今宮　健太,35,2025
山川　穂高,35,2025
ダウンズ,28,2025
近藤　健介,33,2025
スチュワート・ジュニア,27,2025
渡邉　陸,26,2025
川瀬　晃,29,2025
オケム,20,2025
福尾　遥真,20,2025
澤田　遥斗,20,2025
川野　涼太,25,2025
佐藤　爽,23,2025
ラマル,20,2025
木瀬　翔太,21,2025
金子　功児,23,2025
川下　将勲,21,2025
森脇　亮介,34,2025
谷口　朝陽,22,2025
シンクレア,25,2025
ガルシア,26,2025
冨士　大和,20,2025
是澤　涼輔,26,2025
三浦　大輝,26,2025
井上　広輝,25,2025
野村　和輝,23,2025
宮澤　太成,27,2025
ロペス,27,2025
上間　永遠,25,2025
野田　海人,21,2025
大曲　錬,28,2025
村田　怜音,25,2025
浜屋　将太,27,2025
奥村　光一,26,2025
モンテル,26,2025
菅井　信也,23,2025
豆田　泰志,23,2025
水上　由伸,28,2025
岸　潤一郎,29,2025
野村　大樹,26,2025
渡部　健人,27,2025
古市　尊,24,2025
龍山　暖,20,2025
長谷川　信哉,24,2025
滝澤　夏央,23,2025
平良　海馬,27,2025
中村　剛也,43,2025
古賀　輝希,26,2025
中村　祐太,31,2025
黒田　将矢,22,2025
Ｅ．ラミレス,32,2025
仲三河　優太,24,2025
黒木　優太,32,2025
牧野　翔矢,25,2025
篠原　響,20,2025
西川　愛也,27,2025
髙松　渡,27,2025
佐々木　健,30,2025
今井　達也,28,2025
杉山　遙希,21,2025
狩生　聖真,19,2025
ウィンゲンター,32,2025
林　冠臣,23,2025
羽田　慎之介,22,2025
ボー・タカハシ,29,2025
成田　晴風,20,2025
セデーニョ,28,2025
平沢　大河,28,2025
佐藤　太陽,24,2025
柘植　世那,29,2025
山田　陽翔,22,2025
大瀬良　大地,35,2025
森浦　大輔,28,2025
大道　温貴,27,2025
佐々木　泰,23,2025
秋山　翔吾,38,2025
堂林　翔太,35,2025
小園　海斗,26,2025
矢野　雅哉,27,2025
田中　広輔,37,2025
羽月　隆太郎,26,2025
上本　崇司,36,2025
菊池　涼介,36,2025
石原　貴規,28,2025
坂倉　将吾,28,2025
滝田　一希,24,2025
ケムナ　誠,31,2025
佐藤　柳之介,24,2025
會澤　翼,38,2025
益田　武尚,28,2025
黒原　拓未,26,2025
髙　太一,25,2025
中﨑　翔太,34,2025
栗林　良吏,30,2025
床田　寛樹,31,2025
森下　暢仁,29,2025
常廣　羽也斗,25,2025
森　翔平,28,2025
渡邉　悠斗,24,2025
アドゥワ　誠,28,2025
斉藤　優汰,22,2025
河野　佳,25,2025
松本　竜也,27,2025
林　晃汰,26,2025
島内　颯太郎,30,2025
ドミンゲス,30,2025
鈴木　健矢,28,2025
磯村　嘉孝,34,2025
長谷部　銀次,28,2025
宇草　孔基,29,2025
野間　峻祥,33,2025
塹江　敦哉,29,2025
赤塚　健利,25,2025
高橋　昂也,28,2025
遠藤　淳志,27,2025
玉村　昇悟,25,2025
髙木　翔斗,23,2025
内田　湘大,22,2025
清水　叶人,22,2025
ファビアン,28,2025
田村　俊介,23,2025
大盛　穂,30,2025
仲田　侑仁,21,2025
持丸　泰輝,25,2025
久保　修,26,2025
松山　竜平,41,2025
韮澤　雄也,25,2025
岡本　駿,24,2025
末包　昇大,30,2025
中村　健人,29,2025
竹下　海斗,20,2025
小船　翼,20,2025
安竹　俊喜,25,2025
名原　典彦,26,2025
杉田　健,25,2025
二俣　翔一,24,2025
辻　大雅,22,2025
中村　貴浩,26,2025
中村　奨成,27,2025
モンテロ,28,2025
佐藤　啓介,25,2025
前川　誠太,23,2025
日髙　暖己,22,2025
山足　達也,33,2025
ハーン,32,2025
菊地　ハルン,19,2025
ロベルト,26,2025
ラミレス,24,2025
小林　樹斗,23,2025
杉原　望来,21,2025
松原　聖弥,31,2025
甲斐野　央,30,2025
古川　雄大,22,2025
山村　崇嘉,24,2025
平沼　翔太,29,2025
元山　飛優,27,2025
青山　美夏人,26,2025
炭谷　銀仁朗,39,2025
ネビン,29,2025
平井　克典,34,2025
糸川　亮太,28,2025
古賀　悠斗,27,2025
武内　夏暉,25,2025
田村　伊知郎,32,2025
佐藤　隼輔,26,2025
松本　航,29,2025
隅田　知一郎,27,2025
與座　海人,31,2025
髙橋　光成,29,2025
渡邉　勇太朗,26,2025
上田　大河,25,2025
デービス,33,2025
蛭間　拓哉,26,2025
渡部　聖弥,24,2025
源田　壮亮,33,2025
外崎　修汰,33,2025
齋藤　大翔,19,2025
栗山　巧,43,2025
児玉　亮涼,28,2025
仲田　慶介,27,2025
青柳　晃洋,32,2025
橋本　星哉,26,2025
中川　拓真,24,2025
沼田　翔平,26,2025
下川　隼佑,26,2025
丸山　翔大,28,2025
伊藤　琉偉,24,2025
阪口　皓亮,27,2025
鈴木　叶,20,2025
岩田　幸宏,29,2025
増田　珠,27,2025
竹山　日向,23,2025
宮川　哲,31,2025
武岡　龍世,25,2025
バウマン,31,2025
矢野　泰二郎,24,2025
坂本　拓己,22,2025
村上　宗隆,26,2025
田中　陽翔,20,2025
長谷川　宙輝,28,2025
原　樹理,33,2025
濱田　太貴,26,2025
北村　恵吾,25,2025
山下　輝,27,2025
金久保　優斗,27,2025
高橋　奎二,29,2025
太田　賢吾,29,2025
小澤　怜史,28,2025
大西　広樹,29,2025
山本　大貴,31,2025
澤井　廉,26,2025
矢崎　拓也,31,2025
高梨　裕稔,35,2025
ランバート,29,2025
北村　拓己,31,2025
山野辺　翔,32,2025
西村　瑠伊斗,22,2025
石原　勇輝,25,2025
田口　麗斗,31,2025
内山　壮真,24,2025
松本　直樹,33,2025
モイセエフ　ニキータ,19,2025
荘司　宏太,26,2025
小川　泰弘,36,2025
松本　健吾,27,2025
中村　悠平,36,2025
髙野　颯太,21,2025
山野　太一,27,2025
根岸　辰昇,26,2025
サンタナ,34,2025
星　知弥,32,2025
澤野　聖悠,24,2025
松本　龍之介,21,2025
吉村　貢司郎,28,2025
木澤　尚文,28,2025
佐藤　琢磨,26,2025
石川　雅規,46,2025
鈴木　康平,32,2025
奥川　恭伸,25,2025
清水　昇,30,2025
翔聖,20,2025
西濱　勇星,24,2025
中村　優斗,23,2025
西舘　昂汰,25,2025
廣澤　優,25,2025
石山　泰稚,38,2025
アビラ,29,2025
宮本　丈,31,2025
塩見　泰隆,33,2025
茂木　栄五郎,32,2025
長岡　秀樹,25,2025
川端　慎吾,39,2025
丸山　和郁,27,2025
西川　遥輝,34,2025
古賀　優大,28,2025
山田　哲人,34,2025
並木　秀尊,27,2025
赤羽　由紘,26,2025
モニエル,25,2025
川上　理偉,25,2025
菊田　翔友,23,2025
日渡　騰輝,22,2025
森山　暁生,21,2025
野中　天翔,21,2025
福元　悠真,26,2025
石川　翔,26,2025
星野　真生,22,2025
井上　剣也,19,2025
中村　奈一輝,20,2025
加藤　竜馬,27,2025
樋口　正修,28,2025
ウォルターズ,29,2025
マラー,29,2025
メヒア,29,2025
松山　晋也,26,2025
近藤　廉,28,2025
三浦　瑞樹,27,2025
鵜飼　航丞,27,2025
佐藤　龍世,29,2025
有馬　惠叶,20,2025
板山　祐太郎,32,2025
高橋　幸佑,19,2025
山本　泰寛,33,2025
齋藤　綱記,29,2025
石橋　康太,25,2025
山浅　龍之介,22,2025
田中　幹也,25,2025
岡林　勇希,24,2025
辻本　倫太郎,25,2025
尾田　剛樹,26,2025
細川　成也,28,2025
藤嶋　健人,28,2025
駿太,33,2025
マルテ,31,2025
上林　誠知,31,2025
清水　達也,27,2025
加藤　匠馬,34,2025
土生　翔太,25,2025
吉田　聖弥,24,2025
梅野　雄吾,27,2025
土田　龍空,23,2025
川越　誠司,33,2025
味谷　大誠,23,2025
ブライト　健太,27,2025
勝野　昌慶,29,2025
宇佐見　真吾,33,2025
大野　雄大,38,2025
金丸　夢斗,23,2025
涌井　秀章,40,2025
髙橋　宏斗,24,2025
梅津　晃大,30,2025
柳　裕也,32,2025
草加　勝,25,2025
橋本　侑樹,28,2025
岡田　俊哉,34,2025
石伊　雄太,26,2025
大島　洋平,41,2025
福永　裕基,30,2025
中田　翔,37,2025
村松　開人,25,2025
カリステ,34,2025
高橋　周平,32,2025
松葉　貴大,36,2025
濱　将乃介,26,2025
福田　幸之介,21,2025
木下　拓哉,34,2025
福　敬登,34,2025
祖父江　大輔,39,2025
伊藤　茉央,26,2025
森　駿太,19,2025
根尾　昂,26,2025
松木平　優太,23,2025
森　博人,28,2025
津田　啓史,24,2025
仲地　礼亜,25,2025
石川　昂弥,25,2025
ボスラー,33,2025
チェイビス,31,2025
田中　将大,38,2025
甲斐　拓也,34,2025
大津　綾也,23,2025
相澤　白虎,22,2025
丸　佳浩,37,2025
長野　久義,41,2025
宇都宮　葵星,22,2025
坂本　勇人,36,2025
田上　優弥,21,2025
門脇　誠,25,2025
村山　源,21,2025
吉川　尚輝,31,2025
中田　歩夢,22,2025
増田　大輝,33,2025
湯浅　大,26,2025
アルカンタラ,34,2025
加藤　豪将,31,2025
中山　誠吾,26,2025
ガルビス,36,2025
アストゥディーヨ,34,2025
ホーキンス,32,2025
二保　旭,35,2025
ノイジー,31,2025
Ｋ．ケラー,32,2025
髙濱　祐仁,29,2025
髙山　俊,32,2025
秋山　拓巳,34,2025
Ｂ．ケラー,31,2025
北條　史也,31,2025
古川　侑利,30,2025
嘉弥真　新也,36,2025
田中　怜利　ハモンド,21,2025
ヘラルディーノ,21,2025
加藤　洸稀,22,2025
居谷　匠真,23,2025
中道　佑哉,27,2025
早　真之介,23,2025
奥村　政稔,33,2025
伊藤　大将,24,2025
佐藤　宏樹,26,2025
和田　毅,44,2025
デスパイネ,39,2025
ガンケル,34,2025
椎野　新,30,2025
髙橋　純平,28,2025
メネズ,30,2025
姫野　優也,28,2025
柿木　蓮,25,2025
エンス,34,2025
齊藤　誠人,30,2025
クリスキー,31,2025
齊藤　大将,30,2025
粟津　凱士,28,2025
伊藤　翔,26,2025
阿部　和広,22,2025
齊藤　伸治,27,2025
王　柏融,32,2025
ハンソン,33,2025
赤上　優人,26,2025
高木　渉,26,2025
呉　念庭,32,2025
コドラド,28,2025
鈴木　将平,27,2025
張　奕,31,2025
ブランドン,27,2025
ヘレラ,27,2025
出井　敏博,28,2025
ジョセフ,26,2025
中熊　大智,29,2025
川野　涼多,24,2025
渡邉　雄大,34,2025
片山　雄哉,31,2025
ブルワー,33,2025
望月　惇志,28,2025
谷内　亮太,34,2025
マーベル,32,2025
ミエセス,30,2025
小林　慶祐,33,2025
江越　大賀,32,2025
木村　文紀,37,2025
福田　光輝,28,2025
立野　和明,27,2025
ガント,33,2025
伊藤　大海,28,2025
ポンセ,31,2025
井上　晴哉,36,2025
村上　舜,24,2025
メルセデス,31,2025
カスティーヨ,30,2025
菅野　剛士,32,2025
佐々木　朗希,24,2025
三木　亮,34,2025
東條　大樹,34,2025
大河原　翔,22,2025
竹下　瑛広,25,2025
村山　亮介,22,2025
速水　将大,25,2025
谷川　唯人,23,2025
土肥　星也,30,2025
古谷　拓郎,25,2025
西川　僚祐,23,2025
柳澤　大空,22,2025
江村　直也,33,2025
ウレーニャ,26,2025
大田　泰示,35,2025
櫻井　周斗,26,2025
小深田　大地,22,2025
ガゼルマン,32,2025
田中　健二朗,36,2025
笠原　祥太郎,30,2025
ウェンデルケン,32,2025
アンバギー,31,2025
大和,38,2025
三浦　銀二,26,2025
西浦　直亨,34,2025
池谷　蒼大,26,2025
髙田　琢登,23,2025
福田　秀平,36,2025
今永　昇太,32,2025
藤田　一也,43,2025
エスコバー,33,2025
田中　俊太,32,2025
宮國　椋丞,33,2025
平田　真吾,36,2025
土居　豪人,25,2025
佐藤　奨真,27,2025
アポステル,26,2025
黒川　凱星,21,2025
白濱　快起,21,2025
福森　耀真,28,2025
ブロッソー,31,2025
渡辺　明貴,25,2025
加藤　大,23,2025
村川　凪,27,2025
東出　直也,22,2025
大橋　武尊,24,2025
岡本　直也,29,2025
大竹　風雅,26,2025
重田　倫明,29,2025
フェリックス,26,2025
中村　宜聖,25,2025
渡邊　佑樹,30,2025
小林　珠維,24,2025
佐久間　拓斗,22,2025
瀧本　将生,22,2025
三代　祥貴,21,2025
髙田　萌生,27,2025
和田　恋,30,2025
石橋　良太,34,2025
高田　孝一,27,2025
銀次,37,2025
横尾　俊建,32,2025
正隨　優弥,29,2025
小峯　新陸,24,2025
吉川　雄大,29,2025
スターリン,27,2025
佐藤　智輝,25,2025
松井　裕樹,30,2025
引地　秀一郎,25,2025
内間　拓馬,27,2025
ギッテンス,31,2025
塩見　貴洋,37,2025
安樂　智大,29,2025
バニュエロス,34,2025
小笠原　慎之介,28,2025
田島　慎二,36,2025
藤井　黎來,26,2025
ピーターズ,33,2025
中村　来生,22,2025
新家　颯,22,2025
木下　元秀,24,2025
近藤　弘樹,30,2025
ケラ,32,2025
荒木　貴裕,38,2025
堂上　直倫,37,2025
福島　章太,23,2025
三好　大倫,28,2025
岡野　祐一郎,31,2025
龍空,23,2025
デラクルーズ,21,2025
坂田　怜,26,2025
行木　俊,24,2025
コルニエル,30,2025
デビッドソン,34,2025
西田　明央,33,2025
吉田　大喜,28,2025
フェリペ,26,2025
尾仲　祐哉,30,2025
成田　翔,27,2025
市川　悠太,24,2025
嘉手苅　浩太,23,2025
三ツ俣　大樹,33,2025
松本　友,30,2025
大下　佑馬,33,2025
奥村　展征,30,2025
青木　宣親,43,2025
松井　聖,30,2025
山崎　晃大朗,32,2025
鈴木　裕太,25,2025
杉山　晃基,28,2025
下　慎之介,23,2025
前田　研輝,27,2025
岡本　大翔,23,2025
シュウィンデル,33,2025
園部　佳太,26,2025
山中　尭之,26,2025
コットン,33,2025
竹安　大知,31,2025
辻垣　高良,23,2025
釣　寿生,23,2025
山本　由伸,27,2025
梶谷　隆幸,37,2025
川嵜　陽仁,22,2025
加藤　廉,26,2025
石岡　諒太,33,2025
中田　惟斗,24,2025
安達　了一,37,2025
中島　宏之,43,2025
松田　亘哲,28,2025
レビーラ,26,2025
上田　洸太朗,23,2025
比嘉　幹貴,43,2025
竹内　龍臣,24,2025
アルバレス,26,2025
加藤　翼,23,2025
鈴木　博志,28,2025
砂田　毅樹,30,2025
溝脇　隼人,31,2025
伊藤　康祐,25,2025
加藤　翔平,34,2025
後藤　駿太,32,2025
福田　永将,37,2025
佐野　如一,27,2025
ワゲスパック,32,2025
Ｔ－岡田,37,2025
垣越　建伸,25,2025
吉田　凌,28,2025
平野　大和,24,2025
中川　颯,27,2025
上野　響平,24,2025
ニックス,29,2025
渡邉　大樹,28,2025
小田　裕也,36,2025
マクブルーム,33,2025
田中　豊樹,32,2025
メンデス,30,2025
アンダーソン,31,2025
曽根　海成,30,2025
一岡　竜司,34,2025
薮田　和樹,33,2025
岡田　雅利,36,2025
石森　大誠,28,2025
マキノン,31,2025
公文　克彦,33,2025
ティノコ,30,2025
陽川　尚将,34,2025
大野　奨太,38,2025
増田　達至,37,2025
ペイトン,34,2025
金子　侑司,35,2025
アキーノ,31,2025
松田　宣浩,42,2025
髙橋　優貴,28,2025
谷元　圭介,40,2025
山﨑　友輔,27,2025
鍵谷　陽平,35,2025
太田　龍,27,2025
菊田　拡和,24,2025
久保　拓眞,29,2025
サイスニード,33,2025
笠島　尚樹,23,2025
ビーディ,32,2025
髙田　竜星,23,2025
奈良木　陸,27,2025
菅野　智之,36,2025
エスピナル,34,2025
三好　匠,32,2025
ブリンソン,31,2025
阿部　剣友,23,2025
鍬原　拓也,29,2025
ウォーカー,34,2025
戸根　千明,33,2025
岡田　明丈,32,2025
野村　祐輔,36,2025
保科　広一,27,2025
萩原　哲,27,2025
三上　朋也,36,2025
山本　一輝,27,2025
高木　京介,36,2025
小沼　健太,27,2025
谷岡　竜平,29,2025
立岡　宗一郎,35,2025
吉田　正尚,32,2025
松山　真之,25,2025
シューメーカー,39,2025
伊藤　海斗,24,2025
谷岡　楓太,24,2025
バレラ,33,2025
鶴見　凌也,24,2025
マッカーシー,31,2025
中村　勝,34,2025
クロール,34,2025
増井　浩俊,41,2025
鈴木　優,28,2025
ビドル,34,2025
廣澤　伸哉,26,2025
西村　凌,29,2025
能見　篤史,46,2025
Ｋ－鈴木,31,2025
松井　雅人,38,2025
高山　優希,27,2025
難波　侑平,26,2025
樋口　龍之介,31,2025
長谷川　凌汰,30,2025
ラベロ,33,2025
速水　隆成,28,2025
片岡　奨人,28,2025
宮田　輝星,28,2025
黒田　響生,25,2025
井納　翔一,39,2025
山口　俊,38,2025
ダニエル・ミサキ,29,2025
デラロサ,36,2025
アンドリース,36,2025
金子　千尋,42,2025
谷川　昌希,33,2025
望月　大希,27,2025
ヌニエス,31,2025
杉谷　拳士,34,2025
吉田　裕太,34,2025
エチェバリア,36,2025
レアード,38,2025
松永　昂大,37,2025
田中　靖洋,38,2025
ビエイラ,32,2025
桜井　俊貴,32,2025
ペラルタ,24,2025
サントス,31,2025
ウィーラー,38,2025
與那原　大剛,27,2025
ロメロ,34,2025
八百板　卓丸,28,2025
嶋　基宏,41,2025
スアレス,33,2025
牧　丈一郎,26,2025
コール,33,2025
吉田　大成,30,2025
宮台　康平,30,2025
内山　太嗣,29,2025
キブレハン,36,2025
内川　聖一,43,2025
中山　翔太,29,2025
マクガフ,36,2025
寺島　成輝,27,2025
坂口　智隆,41,2025
佐野　泰雄,32,2025
武隈　祥太,36,2025
ジャンセン・ウィティ,35,2025
十亀　剣,38,2025
内海　哲也,43,2025
オグレディ,33,2025
守屋　功輝,32,2025
ウィルカーソン,36,2025
佐藤　優,32,2025
平田　良介,37,2025
渡辺　勝,32,2025
山下　斐紹,33,2025
福留　孝介,48,2025
バルガス,34,2025
フランスア,32,2025
海田　智行,38,2025
榊原　翼,27,2025
中神　拓都,25,2025
田中　法彦,25,2025
戸田　隆矢,32,2025
大嶺　祐太,37,2025
中田　廉,35,2025
高橋　樹也,28,2025
山口　翔,26,2025
白濱　裕太,40,2025
安部　友裕,36,2025
滝野　要,29,2025
マルク,30,2025
Ａ．マルティネス,29,2025
ワカマツ,29,2025
タバーレス,31,2025
濱田　達郎,31,2025
菊池　保則,36,2025
桂　依央利,34,2025
Ｒ．マルティネス,29,2025
宮本　秀明,29,2025
倉本　寿彦,34,2025
髙城　俊人,32,2025
ピープルズ,34,2025
福山　博之,36,2025
内田　靖人,30,2025
寺岡　寛治,33,2025
勝俣　翔貴,28,2025
平間　隼人,29,2025
石田　駿,28,2025
マーキ,30,2025
釜元　豪,32,2025
吉持　亮汰,32,2025
マルモレホス,32,2025
森　雄大,31,2025
川島　慶三,42,2025
釜田　佳直,32,2025
福井　優也,37,2025
ブセニッツ,35,2025
岩見　政暉,31,2025
チェン・ウェイン,40,2025
ロハス・ジュニア,35,2025
髙田　知季,35,2025
山下　幸輝,32,2025
有吉　優樹,34,2025
熊代　聖人,36,2025
戸川　大輔,29,2025
川村　啓真,26,2025
糸井　嘉男,44,2025
スミス,35,2025
真砂　勇介,31,2025
千賀　滉大,32,2025
浅田　将汰,24,2025
田部　隼人,24,2025
荒木　翔太,24,2025
明石　健志,39,2025
チャトウッド,36,2025
黒瀬　健太,28,2025
中谷　将大,32,2025
秋吉　亮,36,2025
レイ,35,2025
グラシアル,40,2025
